49.40065562,7.5822418,4.41103234,46.99430822
11.74117561,25.74722782,26.515482,26.85221947
3.5877968,33.13502032,5.16729149,35.97891912
31.78777665,2.25768201,22.00921226,44.36448695
46.38141645,14.98977267,7.4722106,30.41929081
11.61701679,8.74680584,34.43429471,18.03193727
45.27126099,48.74378987,6.34049392,45.70777202
48.81411029,36.02235937,44.76025415,15.60819382
30.87661477,5.65520021,45.91147741,22.63489839
39.60824999,24.00728685,45.54144992,47.91890587
36.26035235,43.4674707,8.36282319,4.47287876
3.19463833,37.59480938,16.13273213,15.93057229
27.60033581,44.35367069,20.02178218,22.29684669
16.4767291,33.86057765,11.70512199,11.93853652
15.00530167,11.57979121,43.79073568,0.49987209
9.38312901,29.37689772,31.59058977,11.60232983
10.45638279,48.02598834,1.68478674,36.78153183
29.9691067,38.88354237,14.81090777,33.10718482
41.43846763,15.89571931,39.24446742,10.6467311
5.38095072,0.79324608,13.45150117,31.03334758
12.82464126,9.71957419,0.88271871,49.31427261
8.43586316,7.45825547,32.69837733,3.57695276
6.72174191,21.8749727,37.44752605,43.91003447
0.31311052,17.18673805,2.65246778,35.01412291
6.3278856,41.5810936,10.80877103,24.61662621
13.56817408,46.3069977,28.28619237,14.33297642
20.86010713,21.36424807,19.80974313,34.32241232
43.00549744,49.18694623,0.61098275,12.79803849
7.75468973,31.06591741,33.86159753,48.93539806
22.4235236,19.63500498,15.58973601,43.05305708
0.9643296,13.78630436,35.56492568,2.47587538
34.2422233,15.6802376,28.63678527,26.55107781
17.75979675,36.98920634,25.2654976,19.57877143
35.03427861,10.1548423,48.16237951,7.34118432
42.201849,12.72686967,8.07103278,38.79622476
33.06045175,28.91960408,18.43362655,31.86874203
38.54851372,24.32265527,47.47755925,16.72029757
20.43620198,46.87005397,41.57274057,20.09050772
14.22950763,39.36842288,27.01496888,29.41781024
2.16855249,2.67789572,29.5814488,40.29120216
37.24270327,32.07490248,32.48839228,9.09191851
19.07329583,3.77155495,16.94307617,2.65378403
26.02375884,5.87292457,36.37124991,5.42942013
17.3865718,27.09274757,49.70456616,33.78013664
26.67292666,30.03113851,48.4960659,27.76978039
44.71007352,35.49270094,9.42723737,39.91454818
25.67335334,11.83074912,42.58470793,7.86763641
46.88773089,4.28382589,38.2708126,46.13984037
40.75053337,34.86305482,24.91096762,24.0600693
48.24340726,40.527774,40.28271918,5.97631726
19.80125819,42.50781406,39.01457155,21.2577171
30.23776233,45.62216373,3.69421365,14.00255078
33.64014648,20.35687706,22.74200471,18.92832544
28.76608354,41.73694857,11.33235668,29.14356887
4.67745055,17.77163068,23.86169257,41.48339996
43.33768457,18.72747123,18.10864299,42.41561351
37.78446627,26.18973271,30.50836012,1.55611569
24.10859922,0.9643095,41.80152123,38.23135151
24.83689667,27.78179035,13.19135078,25.0922081
22.69121132,22.56469864,21.09587474,9.60086468
5.29618431,17.18673805,7.7422758,38.02474
11.74117561,48.23973325,26.515482,5.14194642
14.06583642,33.13502032,10.62683568,25.06936646
47.2368682,36.82702488,28.20356104,49.46163939
46.38141645,13.86260474,44.14980825,10.13242907
8.49386097,29.37970597,2.32598886,15.02677548
20.51004312,48.74378987,25.07716008,9.96322896
35.05727858,21.55153676,44.76025415,43.11683848
34.00591416,5.65520021,45.91147741,22.63489839
20.40817639,24.00728685,0.77072919,33.76644965
5.0564608,29.14671991,29.58889434,3.31202469
19.34881665,43.59234171,2.39793652,29.20130942
27.60033581,19.58212349,15.31029674,22.29684669
16.4767291,34.39792388,1.84696384,32.83247983
12.65582386,7.48547619,43.79073568,41.14009896
2.93170658,26.85416374,18.60748152,35.51480593
10.45638279,27.29601207,5.77897741,4.18859909
22.51326205,38.88354237,15.11049105,40.03134661
47.87909317,16.48045809,19.95236685,10.6467311
5.38095072,32.64951226,10.19705353,6.79226945
41.99024053,38.62796478,9.42784175,24.62301561
33.62335244,7.45825547,19.73170248,48.85037071
6.72174191,5.09555315,37.44752605,43.91003447
5.62670579,0.41698879,0.48238038,21.67970605
8.32349348,41.5810936,17.16673621,24.61662621
4.63218153,46.3069977,41.79371859,21.61102186
39.48170555,27.01865861,19.80974313,33.55143636
37.4194691,17.94095319,29.73675905,27.29860205
7.75468973,8.73099277,45.72751864,48.93539806
14.40867331,19.63500498,4.5475856,43.05305708
0.9643296,21.70161461,45.49011248,37.67316757
12.9363234,19.70377152,28.63678527,26.55107781
17.75979675,36.98920634,20.50732722,21.72073155
28.48569327,31.74847947,36.17266744,7.34118432
42.201849,17.33922662,3.16474421,39.44328562
0.45369902,28.91960408,18.43362655,13.75388384
29.47311002,42.68063559,47.47755925,37.55061732
20.43620198,10.25842575,30.66497095,20.09050772
14.22950763,45.76371593,27.01496888,36.40851077
27.04643669,25.40525614,29.5814488,41.01603388
31.88477466,12.10186198,35.70292212,25.02193797
19.07329583,38.74073204,4.57048293,38.99709338
9.96431755,5.87292457,7.95501392,43.87362486
8.28432552,9.30860242,36.93641881,42.67585219
6.2241738,44.38715515,34.168396,27.76978039
7.41800452,27.39260816,9.42723737,0.68826396
17.10580568,3.97471141,13.45095872,41.85293548
12.41956464,4.28382589,10.72110974,15.51440103
13.5410456,24.054871,10.87772279,24.0600693
12.37874095,34.39792388,1.84696384,32.83247983
19.80125819,11.60155553,1.65596041,24.20330403
30.23776233,3.12725226,16.2570763,41.150186
22.94756689,23.98201053,36.63694101,30.3369795
33.64391056,4.05837778,47.57458402,27.55117423
20.11183646,35.97205579,23.86169257,17.94540807
10.59881036,6.66002114,23.41094925,44.85440349
41.9247532,31.22766585,22.08279673,36.20650206
22.32814554,7.33719037,41.80152123,34.71948577
19.14487515,27.78179035,40.25471083,41.14936727
45.52109829,46.6355927,21.09587474,9.60086468
0.31311052,6.30493528,46.4382423,4.48431025
11.74117561,25.74722782,24.83767466,31.71092243
42.14743118,16.30980636,5.16729149,22.29488511
4.11757451,20.0667008,35.4294687,44.36448695
36.59390499,3.88327984,8.69901133,18.06144173
11.46348454,8.74680584,31.86547052,20.37672806
2.80543198,1.86919224,8.32568968,3.53575971
18.07764785,21.55153676,26.74043851,17.73092843
49.81122843,4.97897146,3.91318083,19.84718421
19.92955657,24.00728685,0.77072919,10.86479823
23.7272036,30.73413938,40.8030218,3.31202469
10.50823236,37.59480938,21.60393219,15.93057229
39.81973974,5.40171954,2.53254854,45.04606004
16.4767291,11.66572727,10.39636383,28.09298656
7.70014278,37.3056085,29.71174065,41.14009896
29.77114467,38.83676724,44.32988548,28.89029475
26.5017456,19.82607443,20.54771667,32.01855789
30.21561669,38.88354237,31.50130401,20.23935999
20.86972971,35.75729288,7.21645787,3.66730411
4.67887679,19.39352963,31.81763789,38.92245458
5.12814541,0.83456086,21.36669568,43.69257372
8.43586316,13.56667624,12.79843972,3.57695276
8.86469218,5.09555315,36.8233466,43.91003447
49.40065562,43.67683968,31.04034404,37.27996662
6.3278856,21.97706216,26.70722945,0.64023967
4.63218153,12.18852014,11.82450914,31.48479911
20.86010713,23.46498296,10.57612596,19.4487973
36.80203399,28.81265353,16.00148564,37.81034586
25.30272858,4.97897146,3.91318083,19.84718421
14.40867331,8.12639075,47.98732633,39.40565704
0.9643296,10.75468322,42.57921842,17.7430677
43.18961736,44.15024038,28.63678527,19.387989
17.75979675,18.61571951,21.0367471,34.33729617
0.85071367,10.1548423,20.33928065,7.34118432
38.11829832,9.213444,27.66075985,34.72287284
7.19466389,0.43194151,15.3378127,0.99962666
38.54851372,29.33050027,10.31308698,45.25101484
9.13999759,13.641218,10.1409847,20.09050772
14.22950763,41.33166738,22.77028987,28.59179754
12.81027641,15.10388596,5.97394187,46.91624447
25.90124943,12.25925367,35.70292212,43.18191724
19.07329583,3.77155495,0.37414956,10.94162034
26.1732283,5.87292457,16.46478864,45.3670122
21.1349083,18.11551065,35.90368999,42.67585219
26.67292666,45.47013541,22.1352424,17.79508954
36.6112281,44.47148759,9.42723737,0.68826396
17.10580568,2.85218571,33.4978144,41.85293548
11.6517152,2.37751944,13.09648453,24.60564363
12.84312976,24.054871,40.65728708,24.0600693
29.42197359,24.78511396,10.77366216,45.70867248
19.80125819,1.84125225,10.53894421,48.1568093
2.69486191,14.68416557,6.58934666,41.150186
22.35003812,20.35687706,22.74200471,44.79843567
11.83678707,4.46968425,31.4018952,27.55117423
41.49714972,17.77163068,7.9333871,41.48339996
10.59881036,21.85305373,1.01455228,35.24664252
20.78197347,26.18973271,19.47056974,32.52448594
0.72205661,0.9643095,12.91576316,30.18095865
43.35071333,27.78179035,12.03688092,2.29251786
33.46374532,26.37923784,22.40482628,41.76599633
0.31311052,4.66071702,2.65246778,33.06835832
11.74117561,6.25165034,24.83767466,5.39050458
5.13005193,33.13502032,24.37959259,20.49401156
13.22938465,20.0667008,35.4294687,43.887997
13.30969675,6.06084715,34.88262149,35.19834309
26.49523493,16.95211968,19.58438815,20.37672806
2.80543198,1.86919224,8.32568968,22.19721052
18.07764785,20.6902699,26.74043851,33.35680191
31.09609915,27.25977653,48.43196463,28.96618282
26.29457079,4.74630058,11.22874512,48.99465674
6.75426958,29.14671991,20.16489003,47.54296296
6.37421385,11.19640984,16.13273213,40.83990139
25.22952657,13.59787469,15.96074178,44.98920883
19.50141302,4.95722108,11.65332967,43.17148348
11.59814659,9.48888709,1.69607162,47.41726652
20.33088605,20.20875961,18.60748152,29.12139988
26.5017456,17.45673932,7.70588528,48.26641039
22.51326205,38.88354237,32.44519174,40.03134661
41.43846763,11.9595111,28.84878856,33.09672091
6.37421385,11.19640984,31.81763789,40.83990139
7.60957792,4.42934882,0.88271871,41.16855743
8.43586316,7.45825547,9.19260735,39.67091267
8.94534305,21.8417815,32.15874623,8.83297485
14.26878394,26.68223302,1.94308874,9.65834465
25.35610632,0.09754673,47.79354629,22.02969092
4.51528726,12.18852014,21.48889321,36.70569495
20.86010713,21.30602506,29.85297156,34.32241232
37.4194691,17.94095319,33.08500339,48.77133879
6.39539952,19.33417588,40.84806741,36.76050115
14.40867331,1.44839849,26.99978601,6.37969587
20.32298641,33.51282399,42.57921842,17.7430677
5.74996336,34.52978166,9.23852083,45.13049995
42.96678165,18.61571951,21.0367471,34.33729617
0.85071367,10.1548423,6.64870934,44.07386551
38.11829832,29.74204086,0.21999734,9.33655193
7.19466389,24.85937455,15.3378127,16.76711504
11.02183998,5.56476846,47.47755925,14.19777855
9.13999759,32.286183,0.0218417473,35.0210181
40.79294693,20.97481955,40.12842415,29.41781024
1.1994635,33.31360585,23.15632953,34.60824284
9.21967648,23.84441317,42.28558338,41.5668429
19.07329583,8.9443151,11.07231186,26.35318248
5.77677949,5.37214385,7.95501392,43.87362486
48.46809289,9.30860242,13.35993442,42.67585219
47.98134806,30.03113851,17.87412481,14.19879929
3.29563502,14.59304851,9.42723737,25.52926252
18.27194715,29.23595062,33.4978144,18.13734752
8.35361642,10.76469986,8.00865536,24.60564363
12.84312976,15.33010239,6.54716741,27.8235574
49.64154844,20.33275167,17.61298464,29.09340455
1.83396128,7.75636893,12.75964991,36.81941789
28.15108415,18.78696558,6.58934666,11.67022001
10.7859928,20.35687706,22.74200471,44.79843567
1.3745816,7.33232344,16.80261378,17.83173332
0.81986956,16.23988501,14.41084649,1.26970311
10.47443911,14.04072443,12.85032977,44.85440349
10.66777275,12.08507486,19.47056974,36.40095213
33.2079741,3.8109932,12.91576316,19.99169331
9.97570637,4.37999787,1.21541336,33.14565395
20.96997219,7.78822654,21.9339994,45.88545508
15.3217048,16.38242529,2.65246778,28.51232799
11.74117561,21.44058052,9.24732459,34.60289437
3.5877968,32.23937226,18.30045442,47.60937129
9.71477149,20.0667008,17.39132977,21.17453106
15.04005648,10.08050178,41.45992786,41.36808789
10.6190082,21.91117309,16.61601001,35.84833834
0.19693504,1.86919224,19.99222314,26.76187092
4.12312643,18.72414911,1.70319127,35.9421594
30.87661477,14.76395951,45.91147741,22.63489839
41.05379008,4.74630058,26.39422145,7.60678289
27.29342419,6.4130226,21.75671584,16.90783877
12.54536793,18.54480179,29.69027917,40.83990139
10.40326936,12.48905295,22.68869134,35.62368471
22.52776874,14.89330538,28.47372374,16.19322048
12.65582386,7.48547619,9.2929772,41.14009896
31.82687894,19.85179063,18.60748152,25.85162974
5.45709945,22.45420334,22.49650332,40.45167189
10.50490673,18.29543154,1.20106125,40.03134661
1.00506719,11.9595111,3.58444327,33.09672091
6.37421385,44.07734098,23.50198337,26.20583009
7.60957792,23.21449868,26.64498353,37.95556081
8.43586316,38.15326713,33.21803328,12.29267105
6.72174191,43.33956312,21.81434651,2.21149299
12.23138889,7.5822418,1.85611199,23.94721835
38.27765216,21.97706216,31.87973727,30.73308899
4.51528726,30.46466394,34.29782521,36.70569495
45.85748758,21.30602506,10.69664541,38.51662435
3.45759766,1.20704392,7.36907274,42.69077685
7.75468973,4.5933952,4.35878135,48.93539806
14.40867331,1.44839849,34.71164658,39.09835125
4.1427383,10.94314582,44.63014689,11.10514309
12.9363234,16.21178595,12.80258043,39.0768297
31.68696652,23.38561435,11.1153304,2.67163475
4.46464412,12.7288046,6.64870934,38.9591956
38.11829832,18.45234195,17.84109811,35.97793931
11.455618,0.43194151,12.91585891,0.99962666
30.756714,18.17418095,2.3708815,30.63648988
25.71904804,30.73947665,36.14819524,11.27977163
28.84472896,2.49022475,45.23289846,35.25746471
13.84575828,19.9412754,14.85144083,16.12845505
3.15541313,4.50783102,23.75515833,47.32609741
11.19769773,22.09851353,42.65741268,33.35180602
12.70251589,15.33064723,2.38564091,40.87968462
8.28432552,15.97425079,41.71406067,42.67585219
15.4402927,17.35785372,10.85669893,25.01520376
25.8201954,14.59304851,3.85090925,20.5087783
6.98603375,15.19804663,33.4978144,41.85293548
17.38393587,28.15172323,5.82089949,1.94575172
36.22730916,15.33010239,6.5316425,30.00731098
32.25721106,18.26304872,17.61298464,14.11902101
31.33112449,16.83540297,14.78066065,36.81941789
47.25034414,9.14038974,49.38356869,13.24218707
23.67227173,3.79370332,6.08066073,44.79843567
29.91728035,25.92273771,22.95305182,28.15175202
40.12278482,16.23988501,36.83455711,13.75302564
14.86658816,1.4861734,2.92907696,23.56287199
7.1286703,31.24144104,28.30524086,16.83900493
3.52347215,26.92717442,30.93547397,30.18095865
21.38750662,5.69893159,41.91486756,33.14565395
20.96997219,13.70253653,10.01147342,45.88545508
12.85219984,25.93769084,0.95183902,29.37253933
41.85388522,6.25165034,27.51556937,40.0034072
17.59487024,13.57604531,18.30045442,46.08413959
34.54806505,20.0667008,14.69441232,19.40154784
8.9736003,6.06084715,17.08903018,35.19834309
34.12942591,44.7194699,5.21695091,20.37672806
24.0914599,12.99538397,19.99222314,42.08046998
17.72847972,18.72414911,15.88352047,36.58224737
6.6293376,17.50005396,32.98674729,40.72320799
3.09932667,4.74630058,28.75712759,29.39962682
1.54582523,6.4130226,10.07194402,28.23979727
6.37421385,1.72397765,16.13273213,1.22799641
10.40326936,12.48905295,12.82626557,7.23065634
5.71016643,14.67390316,13.3793095,43.17148348
12.65582386,17.56909967,9.2929772,3.62874622
0.87681026,11.61910694,37.21333903,35.51480593
3.79439205,17.73663558,1.36109823,29.43890993
10.50490673,11.03437433,2.53625125,48.52697081
1.46780678,11.9595111,20.65130237,38.91758809
6.37421385,11.19640984,2.61530682,33.06009166
4.32712876,22.56589494,9.6514682,27.65962143
10.57583653,26.65294819,9.19260735,26.40713747
6.72174191,12.29864606,17.45992823,37.82927732
12.96864982,18.15445949,14.35086827,45.52367084
25.14133964,13.53989349,26.70722945,0.64023967
6.28949042,4.63376521,21.48889321,36.70569495
13.45142755,18.04554647,29.85297156,44.30032866
3.45759766,15.53311606,10.20249835,29.92348945
10.08437007,7.75097044,3.72070989,46.56564715
1.04629681,1.44839849,34.71164658,22.56822937
0.9643296,5.72544527,7.12268391,30.05523486
47.57650074,10.8229327,11.49314236,14.82950914
4.24318452,20.16446123,5.57223105,38.49428121
24.41131412,8.99005836,6.64870934,36.88447768
36.2308166,22.7699972,20.47435563,27.95531033
12.09084502,0.43194151,15.3378127,24.79631359
8.57150001,23.7140619,39.99760747,49.04590549
46.58150354,28.63893934,10.1409847,20.09050772
28.84472896,11.62099413,25.53990017,23.09813167
36.84592302,22.92030328,34.6996595,16.843163
3.15541313,19.59007178,5.20175857,29.58252606
13.50185106,14.01467639,28.6865537,10.94162034
28.8130885,15.75134095,47.61191203,22.12909776
34.54069041,21.58465826,28.7489564,48.0547239
15.4402927,23.88891801,12.57227641,23.44011713
8.83883469,30.92561925,29.60362332,25.52926252
17.10580568,18.31362826,33.4978144,34.2451167
27.00629535,24.09568861,16.466601,41.90741368
12.84312976,4.71204356,11.72576694,16.2048409
32.25721106,18.26304872,12.81043763,14.11902101
2.23526096,24.96579943,24.69580579,32.72502061
2.69486191,7.86093551,19.18923691,41.150186
23.67227173,29.31030174,3.1258225,42.94840038
10.12788508,4.36777609,16.80261378,26.00447133
1.54044106,12.91046477,9.04306942,1.26970311
14.86658816,26.39391862,25.67163326,32.6792356
14.8609773,8.76702769,7.03588646,36.76377198
8.20023461,17.21476884,12.91576316,30.18095865
23.17442308,26.1221746,26.2328168,49.50736118
30.28305794,16.08291409,24.47297049,44.11230556
1.39554542,5.72544527,13.15899658,25.24246981
11.74117561,6.25165034,30.42890832,41.95220465
17.59487024,8.12756721,5.41095062,46.08413959
36.15027498,3.50905564,17.88750861,44.36448695
0.37212748,18.69263046,29.27299939,27.7029397
0.99465235,8.74680584,4.48901891,32.31914401
25.11559296,2.16721749,22.29897731,30.51694306
9.77822437,10.86667022,1.70319127,44.42847405
7.34283492,9.24818596,7.17226882,8.03104444
10.02427002,4.74630058,36.50081943,16.96423907
40.07284994,2.61883074,10.07194402,39.11510072
32.44000699,9.60013121,15.96145692,16.19547749
46.33969793,7.50012675,10.69898155,24.8044846
0.6599334,17.80049799,22.76846404,33.65276733
6.56818268,13.29465839,15.60320311,21.6169776
0.87681026,14.28061551,20.41232281,35.51480593
3.79439205,21.00581437,1.16465128,13.73328709
34.60406252,11.03437433,0.23135753,45.74453567
42.29674335,16.22337306,17.82941839,32.50854366
11.63198968,6.38891254,14.69072356,30.83141474
0.5045346,0.28938929,0.88271871,31.3250301
12.91811418,6.7703446,6.21917631,44.40967275
46.06083379,5.09555315,6.30700002,18.9640003
11.80455723,9.99704182,9.16548488,22.23992846
6.3278856,40.1511661,23.83088247,27.67636678
0.87785518,39.97582569,21.48889321,23.91272805
2.83080418,18.04554647,29.85297156,29.16368104
8.20688193,7.72322534,5.24499615,16.54073338
7.75468973,4.77169599,40.51298403,48.15456578
1.04629681,6.67919456,25.27755195,11.95590395
11.49271403,6.11389107,18.86701139,35.01412291
0.34734801,8.85402513,12.80258043,39.0768297
8.48196826,4.02142642,34.83735327,11.99991072
0.85071367,4.43968235,3.51636452,22.10035682
45.0314641,17.43054702,8.51427412,26.51940797
16.01326627,23.037946,0.83760035,37.39339217
11.47080193,5.56476846,9.17128977,24.06069371
38.89472923,5.33376816,10.03400517,48.41425661
1.10991056,39.66611525,28.01113754,14.04766304
2.16855249,12.7738432,21.46142337,28.44690013
2.88038716,1.7318207,24.65725563,47.32609741
49.75244112,14.39442957,14.60486922,9.86787357
4.64980665,5.37214385,3.77257805,43.87362486
12.00302059,41.77106482,36.93641881,42.67585219
15.4402927,6.46049416,7.3773185,34.89588372
21.88937778,14.59304851,0.15721436,20.53602885
0.00283018351,12.3807741,33.4978144,26.4999573
9.15892817,3.4594227,6.35312026,14.71091677
43.73869335,14.9896747,13.32320019,43.84617342
32.25721106,18.26304872,9.88830903,14.11902101
40.32102728,12.41667583,10.10008113,36.81941789
18.63826325,13.80592885,37.24656633,26.94271137
4.95919054,2.04484766,6.08066073,9.45956871
1.3745816,7.33232344,32.48124032,17.83173332
2.81115236,16.23988501,14.41084649,43.70973435
1.6988925,7.08754498,2.92907696,23.56287199
2.76156939,5.78562888,10.06438152,43.18710026
9.37941104,12.38156974,4.74939151,37.03601539
6.05705581,4.37999787,6.01959541,20.37460776
3.66064938,5.98540901,13.59132202,40.85595664
0.59415932,7.06596967,18.92762021,12.73465471
11.74117561,6.25165034,13.8292392,31.71341766
0.34318545,10.72470206,5.41095062,24.10724445
0.47334209,5.14478162,23.30382315,44.36448695
0.37212748,18.69263046,22.96050997,13.49754748
0.17007565,49.76417487,20.86446694,35.42052611
2.36607724,47.45895183,19.99222314,27.68350879
22.18405437,4.9021507,1.70319127,28.4268264
29.92470684,13.45237154,6.89951868,8.03104444
12.93054334,5.4790793,6.20462686,21.65795715
18.18871399,9.03890117,10.07194402,28.23979727
6.37421385,15.06121389,24.65794115,1.22799641
10.40326936,43.66070977,8.53245222,7.23065634
0.6599334,10.98812608,18.25031304,16.34938423
6.56818268,13.29465839,27.47662731,2.76949047
0.87681026,6.98314275,17.4698852,35.51480593
4.16724788,46.34558252,1.36109823,16.57545317
10.50490673,25.19110073,32.34215499,18.82407746
19.98073102,8.13952618,19.36177803,16.51680428
9.42691703,4.87511902,29.33957905,12.4105026
11.14080407,7.23852834,40.13375834,18.50118251
44.67420843,0.16596615,9.19260735,32.18891258
24.65428972,17.85036938,7.11525342,17.75427997
4.6399557,4.528037,9.00238603,40.39194899
33.65506566,2.044658,1.85962878,0.64023967
6.28949042,5.51772597,16.73227493,36.70569495
10.04862639,3.45373192,17.5376942,34.10896674
24.09275001,16.96115828,7.36907274,15.80842939
2.34273043,28.68441733,48.90338738,30.89594877
3.5482414,4.69976255,34.71164658,22.56822937
0.31311052,5.59146954,20.20967387,3.21880932
0.34734801,8.85402513,12.80258043,43.3059028
5.21697066,2.98786055,1.22714156,14.04418829
0.88521323,36.28872501,16.81699429,22.53804549
34.10445307,5.76465362,30.86161208,34.72287284
11.84516763,25.15300991,42.64762477,34.70062573
0.11851222,5.56476846,35.43478432,11.13941701
9.13999759,44.47786617,14.08090585,36.32733154
17.4070281,7.81764127,0.12548119,16.01352217
2.16855249,31.09794554,48.3232554,34.14228707
7.43798675,18.57973338,6.27215369,47.32609741
19.07329583,10.64719012,0.37414956,7.61619807
1.61565021,2.90692706,3.77257805,22.29495188
27.1969342,11.72216551,8.75406797,40.04956945
5.12590275,4.13981596,36.4302954,20.99877665
3.29563502,14.59304851,27.9523018,30.51847505
6.89288107,48.23316937,39.13435535,6.89609542
4.91045586,5.64448348,6.35312026,26.00730963
14.93212322,6.72497753,11.72576694,12.40165358
32.25721106,19.4135418,9.88830903,14.11902101
32.06937417,15.99450687,12.75964991,36.81941789
2.69486191,6.34813851,19.18923691,45.84538255
0.20524419,20.48382873,11.9829027,21.83272976
2.1348393,8.77687673,2.65457176,14.04777208
33.61238743,8.00126482,49.90102772,26.99643109
6.93775682,1.81637993,3.4794398,38.50125524
4.59079443,9.56708381,7.77652669,4.02409341
0.72205661,9.25437474,12.91576316,30.18095865
2.84901757,4.33738498,6.99030488,37.41405432
3.66064938,5.98540901,29.45341665,40.85595664
0.59415932,15.91289012,7.74879886,7.95885073
7.41916942,0.5221843,17.40343337,21.21259369
0.52821225,41.50733811,5.41095062,8.05025944
1.74652891,9.2869948,8.53726796,44.36448695
3.03322326,3.54842943,20.96630045,13.49754748
48.57463133,1.16936841,5.47200394,23.81829335
3.04297132,1.2965401,3.56155686,18.78017968
6.18266371,10.86667022,10.00752462,31.00027898
7.34283492,6.25906227,11.78969858,20.26888439
18.33632404,4.74630058,32.47818054,29.39962682
17.45842092,3.22660414,15.68997903,25.69103895
6.37421385,6.69792267,30.72888644,16.41477604
14.54823033,12.48905295,20.1549384,7.23065634
0.51748746,6.68631139,13.34729021,5.20956932
30.07504616,13.29465839,11.57852092,18.10186987
7.50995727,3.50334806,17.4698852,35.51480593
38.76667372,11.80096882,1.36109823,12.0563449
22.77068477,7.14840081,21.11846235,48.52697081
31.50402742,11.9595111,26.6068692,35.82773685
9.42691703,5.02127869,29.60785393,19.57220009
0.47023492,4.31318139,13.82610405,4.48983379
8.43586316,6.86771626,13.99451087,39.67091267
4.18601938,7.13909352,19.2582491,3.09076924
48.0296538,6.89772927,10.69748878,40.39194899
33.65506566,4.31318139,13.82610405,4.48983379
1.5533722,4.63376521,27.78568969,19.97143933
2.09449214,3.45373192,4.52609747,30.92653929
3.45759766,1.20704392,9.51190626,15.94400978
8.25270149,11.53710566,4.35878135,4.42858481
4.61094061,4.1523177,34.71164658,6.97879728
0.27927674,17.18673805,8.66995147,3.33320938
0.51178652,6.97284866,16.9544314,43.3059028
49.86912731,6.20156476,37.37950242,14.04418829
19.60844061,5.72544527,28.01414479,4.34164309
0.98082778,8.69220913,21.67154414,7.47566462
36.16028394,6.76726908,15.3378127,11.79338636
0.7840902,4.18317163,28.47652337,14.70541491
0.91939738,4.96771581,25.4032773,20.09050772
19.45584858,6.37429366,26.52944116,12.28511347
4.19179657,5.5268845,20.96425131,28.62114648
24.33394418,6.52344494,18.35018869,34.90407036
19.07329583,3.77155495,26.66986427,13.16298183
0.26407301,2.90692706,17.25347114,13.76518884
8.28432552,7.60300966,21.72284111,8.74129265
5.12590275,2.86741145,36.4302954,29.93983198
0.80428668,6.30502028,12.22654179,22.56669132
19.78829676,12.38077413,12.49549492,6.30637296
24.44518026,5.64448348,23.94408422,29.27764431
12.84312976,5.19589339,8.39573265,11.71683779
32.25721106,4.24113151,26.80969877,14.10728197
9.02387364,12.99531081,24.46949467,11.65924012
4.38543918,10.54020078,3.57043876,21.2657879
26.09627162,20.48382873,33.85076153,21.83272976
1.3745816,7.33232344,33.01906769,10.09590577
4.09711841,16.23988501,14.41084649,27.24736609
46.7810322,7.08754498,2.92907696,1.73412203
1.08780621,5.78562888,22.12744699,16.57434684
0.72205661,14.18294699,20.49752879,3.68845437
11.37455486,7.63643897,11.47637121,25.99821269
0.0018349293,5.98540901,18.2385877,14.9665022
24.36823119,6.40734048,14.9459924,40.55821159
2.08531096,5.85758753,13.43802074,29.84575814
2.29640785,5.06599917,5.41095062,11.74703748
31.72022858,5.14478162,22.00644487,5.18491084
4.83974004,8.666981,17.87551553,21.13909621
0.99465235,8.74680584,28.95462809,15.23878523
0.93477948,3.28900976,4.59810872,44.99244718
6.18266371,5.83445919,8.89520555,7.95355678
2.10355955,0.93436505,14.62635888,25.60874401
0.44165206,10.31741729,28.75712759,37.56819244
7.77396196,10.19181393,9.3177792,25.98083517
1.89358753,1.72397765,12.91103034,29.20992231
14.37438287,9.47937689,16.83275581,12.36616829
3.1258522,8.2339403,14.04482744,25.18246981
1.17513156,8.89112399,4.90404592,26.48024346
0.87681026,28.87648687,24.62672018,35.51480593
3.79439205,4.54760793,13.23393123,40.44452326
37.12506053,11.03437433,2.53625125,15.89578092
1.42365837,11.74256762,4.13632857,38.27476569
14.66708184,15.07110652,18.66056116,9.73153786
0.47023492,28.47648781,13.82610405,42.38742368
8.43586316,6.86771626,4.01715896,36.3056067
0.45231206,7.13909352,29.58801617,3.09076924
1.09456129,49.15633737,16.11320094,23.41777138
10.87544165,6.33740292,12.53434755,0.64023967
1.50313826,3.74447608,49.29520545,26.66697056
0.81162512,8.56873673,4.52609747,23.11458273
35.71741231,1.20704392,9.51190626,34.97221744
1.17379843,9.42901323,5.64750278,42.17560726
1.04629681,5.87197958,8.39585371,26.61006492
41.3042774,4.2887154,26.52912684,21.43275589
1.20614114,6.97284866,18.4131614,30.57447036
4.36951117,5.06860393,1.77679819,14.04418829
4.48297377,7.25740715,5.49952203,19.04014355
15.02170895,8.69220913,26.22243526,28.27480502
13.37473659,8.74817462,28.26134152,15.51362107
1.21933422,5.53580744,28.47652337,14.70541491
9.49312126,4.71202582,8.54235268,20.09050772
9.20591303,6.12487009,2.58917929,19.82879687
2.88775625,12.3524491,29.5814488,13.09995804
18.5779782,6.75245303,11.01506285,15.2876245
49.06450171,3.11475963,13.8496147,1.0862429
1.22164662,7.06639823,12.71204359,20.9941008
1.30856378,5.26454784,21.72284111,24.7346466
5.12590275,13.08140285,36.4302954,29.93983198
28.11907675,7.06596967,14.37702849,42.30016781
0.00283018351,12.3807741,7.83318796,26.4999573
0.30452507,6.10651379,35.63442812,26.00730963
9.86043743,3.00303386,23.96046526,20.67720724
32.25721106,4.24113151,20.77694714,6.48009727
16.85155359,8.2276187,20.63773888,5.17724585
38.55244385,9.34308911,8.94234154,19.65483759
2.00005686,7.08160048,11.9829027,28.62381209
5.3315477,13.14180227,14.98606703,10.09590577
0.81986956,2.68253409,5.4077611,1.26970311
11.49271995,4.09020891,8.92731211,47.16870116
1.08780621,0.21935875,17.37867409,27.8312764
0.42421262,8.50460781,0.7329587,33.39375297
2.84901757,4.33738498,14.37971154,31.63622048
4.78687465,0.99899859,18.23858773,2.16603467
7.7119688,10.31741729,5.43921006,47.54055983
0.47252625,7.75300156,38.87236286,42.12099337
0.34318545,7.81914331,25.10605505,13.75614676
0.47334209,5.14478162,23.30382315,20.06019625
0.60740129,11.12241341,25.53303105,34.10756076
4.52126565,8.74680584,43.28280025,46.99612625
1.98471561,9.5017811,28.84642524,12.52297353
0.97195155,5.83445919,26.62711593,34.23343753
7.34283492,6.25906227,36.17381241,20.26888439
1.10496712,6.30502028,43.17984546,19.72429643
1.54582523,0.25124839,49.49714611,28.23979727
30.98712208,14.29430398,12.91103034,29.20992231
14.37438287,9.47937689,22.04603295,12.36616829
46.50374984,11.84785732,14.68640156,44.2372845
0.38459832,8.89112399,41.42562566,26.48024346
25.09895906,16.43252272,4.46944428,35.51480593
32.48244897,14.69265011,48.79684465,48.35326297
29.38541464,10.22268391,2.53625125,12.80934903
11.1860332,11.9595111,3.58444327,33.09672091
31.91457266,4.87511902,40.6729227,40.66538288
9.79146473,9.40689081,27.72548921,4.48983379
8.43586316,6.86771626,31.89036977,36.3056067
28.4903399,12.28323949,29.58801617,36.27933975
0.88066299,10.1431478,30.82342596,40.39194899
10.87544165,9.08740299,3.34964523,30.26705209
1.68710889,13.44232847,36.66056879,7.93701562
48.19090192,17.28992862,3.40873156,12.79917887
19.22307636,9.73374322,36.91110936,32.53779847
1.21057398,2.24927599,49.07445171,42.17560726
1.04629681,9.72051942,8.39585371,25.44770645
0.07377078,17.18673805,11.90283871,48.95662734
0.51178652,13.23182966,16.9544314,36.25372278
0.82442523,34.49998532,1.77679819,28.61379936
0.9643296,12.73777428,44.0768015,23.29274847
31.48029529,8.69220913,21.67154414,49.0535805
7.19466389,9.30047799,33.55813729,9.66389421
1.77715006,4.51960779,28.47652337,26.22047422
35.03402006,4.96771581,39.51967738,20.09050772
33.20113051,16.01536838,48.19989103,19.82879687
10.34653507,8.12132197,36.63890683,15.44877698
0.46234997,8.35460069,22.57217811,45.14214177
0.47686638,8.84047867,6.05268033,24.34466504
3.64264252,27.09222343,26.32515453,31.77247047
6.00128105,4.43079283,33.93983468,10.75821409
0.89547132,5.96753363,35.46508307,36.0519686
0.59415932,11.03841916,16.82669081,34.74094149
21.07570791,15.21409619,31.00580911,39.61121357
0.30452507,7.61802975,36.33531559,1.18594319
9.71788791,9.22466162,39.68280574,35.05255866
0.65481114,5.50157923,37.74057965,25.65670379
1.83396128,7.75636893,5.61395021,37.8055111
40.35829424,8.34319782,20.56433501,35.3378846
0.99772675,8.07422496,17.34071495,39.98936695
8.49265206,7.33232344,36.33510773,45.66361118
4.15738141,2.68253409,11.87716109,38.85704512
2.42113841,7.08754498,16.20982784,11.8403631
47.93195443,12.59061605,21.6082374,40.36894989
22.20603281,6.33016506,43.4549211,24.76152306
2.84901757,8.83838278,42.9312133,27.35219014
25.98351517,11.22794376,29.78876596,22.38162581
0.15651455,14.38454074,46.16391872,25.5292565
0.96732221,10.52678825,24.81875616,42.54692481
2.19112111,8.99484926,28.00229273,31.33269253
0.96732221,10.52678825,24.81875616,42.54692481
0.76792849,4.93591164,14.63011552,34.10756076
17.77277392,8.84034951,28.95462809,15.23878523
26.10694255,3.28900976,45.55235298,38.66641458
26.4999419,5.83445919,17.54671808,44.22130917
0.0795532,6.25906227,36.17381241,20.26888439
0.96795726,6.30502028,12.22654179,29.38683425
7.56408306,6.4130226,31.83676351,28.23979727
34.36719774,9.62547839,28.22495292,33.77881069
2.3713942,6.54035356,23.88167776,12.36616829
0.25373112,7.84292542,23.44185062,11.22551911
0.66528998,13.10514674,22.66487869,26.48024346
32.94248616,11.64291134,17.4698852,31.13179288
3.79439205,10.53548031,21.47691908,40.44452326
0.13733818,10.9883317,34.80220335,11.03573794
38.92962183,11.28771647,29.80330388,37.27452708
33.82992288,10.39172264,29.33957905,29.94072663
24.09192366,13.40244531,38.88537744,41.41204731
0.32747029,12.96288649,23.55818976,49.94768264
49.58404088,11.67053106,14.22504958,33.22303397
0.88066299,14.18596731,26.92063346,40.39194899
10.87544165,6.33740292,23.92218636,46.77392908
0.68941481,3.74447608,13.46142313,13.78977579
0.81162512,6.99364924,28.62205721,13.63431306
0.43880893,9.60503271,20.24125314,49.21311071
0.24039586,13.36832627,14.06771509,43.88267301
0.13331157,5.87197958,15.24035289,26.61006492
1.08733225,8.39027963,5.33042414,3.33320938
0.51178652,6.97284866,33.88180621,43.3059028
0.8815816,1.47338707,32.35154042,46.53104774
41.07538927,9.98794887,37.98901917,10.61084874
0.325084,8.69220913,7.99901652,36.70870201
7.19466389,13.17017576,15.3378127,0.99962666
0.41059481,13.99951368,20.76020589,43.10418034
1.25473696,14.53336501,39.6003777,35.66456536
0.33133079,9.78161874,30.90305871,39.87155933
8.94963516,11.10679345,45.96173867,19.84575202
0.84485267,11.30537971,11.09198488,46.90227055
6.32073685,8.84047867,28.59438138,43.67336395
1.04539742,7.62472278,12.71204359,34.27738777
0.41069787,8.76282714,21.72284111,37.09670804
0.23808717,10.94734882,25.3685948,41.07600293
6.48258608,0.09246275,40.12714021,31.39587928
0.00283018351,6.87224308,25.7707127,33.4379889
4.45877394,12.94414834,36.33531559,1.18594319
9.86043743,8.24736099,23.96046526,34.37327325
1.52159419,5.50157923,35.82765773,7.99077039
0.15353663,7.75636893,21.86664184,22.76227578
2.69486191,9.19109852,25.66704108,18.85005784
0.20524419,10.06871072,25.10156466,32.63865903
0.71516865,11.38935426,13.41544572,5.33180574
0.81986956,2.68253409,5.4077611,38.42768287
0.25373112,7.84292542,2.92907696,9.88475653
4.75683646,3.31430229,22.07844332,15.8798449
0.84403193,7.66040261,20.35835432,28.97782627
0.42089256,13.70590778,14.37971154,49.03733167
38.23154926,12.09635833,31.02599806,40.52644764
8.17383305,11.31797048,28.75712759,36.34761594
0.38397563,10.71810312,43.12922492,35.69317767
0.34318545,10.39401474,11.99848476,24.10724445
33.15484274,9.86284098,35.33921766,20.06019625
0.94275767,12.40099364,14.01682021,23.30612537
0.99465235,9.86284098,28.95462809,27.29229686
0.61738464,3.28900976,21.37851962,31.55590907
1.75392311,4.08844512,20.95918787,30.58884604
0.29977251,6.25906227,36.17381241,19.33916607
0.95231351,4.87976611,12.22654179,47.31650417
1.02402208,9.64245475,34.73527705,29.49047665
9.23855957,13.01506782,45.85781171,29.20992231
1.90133215,6.54035356,34.48906673,12.36616829
0.08909886,8.51111585,13.34729021,35.10400911
0.57212988,9.48627324,13.04918143,42.35775532
0.4389024,9.58149948,20.36989775,23.78932779
0.23825787,18.33069353,28.97093929,31.36897866
0.27159563,12.32719889,34.80220335,8.59407217
8.38822985,3.99883198,22.68380676,20.12179331
0.7480449,4.14032352,35.88132725,28.4378331
1.15472164,6.72309232,20.60113521,48.74994139
9.61288372,9.75508479,23.55818976,40.63719387
30.56928556,7.13909352,31.09346207,42.91110867
0.86860765,6.91031722,6.6425138,40.39194899
14.07945452,15.72300646,23.92218636,47.62692029
0.89475779,9.06642085,8.87661593,20.58496954
0.81162512,4.76301359,19.72107572,13.63431306
0.06577919,15.44015992,20.24125314,49.21311071
9.7024325,13.36832627,31.55529629,43.88267301
1.04629681,14.12731036,18.03909864,33.34135974
0.27927674,17.18673805,20.78309618,35.07325807
0.53560881,6.97284866,33.88180621,18.2743155
0.39594972,1.47338707,32.35154042,27.50527168
0.22748718,10.7006331,7.12268391,33.99004211
6.35056463,8.69220913,7.99901652,36.70870201
7.19466389,17.08843904,15.3378127,0.99962666
0.55746192,13.99951368,20.76020589,43.10418034
0.28192299,10.0186773,28.48102888,33.00661951
1.99922258,13.0245682,41.6694269,38.32299061
8.6257805,11.4883286,47.82204557,25.3217692
0.46234997,10.01876125,49.32188422,49.50187804
0.2004207,10.76658623,14.56366552,23.86528334
3.41114784,5.84189068,22.55605549,29.80850284
6.39912907,9.01388076,37.73958967,7.98026946
0.54229201,11.12521303,39.59079455,48.63386643
0.59415932,4.44970177,20.20757404,12.73465471
0.84969982,6.40625612,34.78852913,36.20489257
2.12131773,11.55241723,29.26849529,30.75942545
19.33372599,18.39197556,21.16488162,8.91668969
0.81305184,8.028866,2.91763764,34.10492655
0.52643707,14.75424881,34.40367134,48.47831221
0.0235794391,14.8001705,44.663133,45.8453826
22.49455239,20.48382873,22.40213846,23.32075486
0.71516865,11.38935426,45.50036458,21.09277657
1.81366768,2.35229999,5.4077611,42.08376538
0.06258642,7.65900408,2.92907696,4.55881914
1.08780621,4.96137776,10.9060038,6.56915252
0.72205661,9.37275399,32.92788226,35.41662083
0.42089256,13.70590778,25.05387722,6.56024591
0.80292028,7.06844677,36.76383083,32.37572148
0.11963041,13.31153836,14.86669993,42.35775532
0.26386318,12.25858859,43.12922492,35.69317767
0.7915631,10.34507436,5.41095062,24.10724445
35.79487554,11.69561594,13.83000505,21.26434105
27.60549012,9.78399349,14.63011552,34.10756076
1.20761393,3.0488087,24.95444346,37.59402152
0.93477948,7.892119,32.91901622,7.22624318
0.97195155,4.00598752,22.37639384,10.28980982
0.29977251,4.53942129,34.14018933,30.42834464
0.28164576,10.14924212,21.72257655,39.92596456
1.02402208,8.33979713,5.63601982,34.88096277
0.62012045,11.3333882,25.93607345,29.20992231
0.49241355,8.8522603,11.77292567,32.79064329
0.19629113,16.33561384,13.34729021,49.73993049
38.75622801,14.84748136,4.1025181,22.07609032
1.5776634,1.23890014,27.01861519,49.28403787
6.32531398,3.7631248,0.88961958,40.57340342
0.54395962,12.32719889,38.52691938,34.22056566
1.00506719,9.36752594,16.31917656,33.4996771
23.76173616,24.75910655,24.6821975,15.54612423
0.37035185,13.34984214,19.88833367,13.09880193
0.43600873,16.12571534,19.97456438,28.40638122
0.55441599,12.37763965,9.88923343,15.89897215
0.88390877,6.91031722,6.10053395,40.39194899
0.11516149,20.45882493,12.42701251,46.77392908
2.04802369,3.59549441,13.46142313,8.84861858
0.24464678,11.19723385,20.28382878,13.63431306
0.52530524,6.98773377,20.24125314,38.99759296
6.32754071,23.78298032,17.69558956,48.01714098
1.00435101,12.00872199,31.29934533,3.24332635
25.04913773,16.41685077,26.3863914,45.98597684
1.05955432,6.97284866,25.46826188,18.2743155
0.8815816,19.74766481,32.35154042,49.86866263
0.9643296,18.57073094,1.3540083,30.05523486
0.325084,8.9983644,6.08512588,40.67553166
30.37640342,8.39486685,3.62080466,0.99962666
1.48022437,13.99951368,24.76395863,8.84372519
1.04939287,4.96771581,13.03942036,37.14992635
0.43827959,4.23291556,17.66941121,14.01193981
2.16855249,16.4462472,9.6865283,42.36427568
1.00903963,2.80729467,49.32188422,49.50187804
0.82403225,8.84047867,29.95635522,20.50638964
0.37389373,11.22437205,29.47646432,34.27738777
0.41069787,8.76282714,2.83005137,40.38989166
0.20600327,11.78097346,47.36134292,48.63386643
5.16920113,18.08685728,21.12950566,41.41079567
0.65762488,9.56013105,31.27876833,31.36949175
0.30452507,10.04198283,23.85288939,49.92705995
0.84484661,3.00303386,19.39665085,23.80881071
47.86437761,16.24303375,31.67160169,34.10492655
6.26970044,7.75636893,14.74767517,38.76545165
0.0235794391,10.1922791,4.10836197,35.2350627
0.56465065,8.01533222,20.99238,32.51228994
1.54874669,3.54348186,8.65146925,21.09277657
1.10578132,2.80165749,20.18962142,34.08534285
0.76472626,5.74592973,1.51281541,32.18341978
0.91257312,0.08013427,4.32351114,37.16854755
0.64642965,9.14031536,12.91576316,47.53296983
10.43417187,17.34551578,29.60085159,19.42265885
0.59617293,4.3083905,14.21956228,39.11025515
17.66118301,16.62274589,32.23998081,32.82770916
1.24557594,10.71810312,7.90119782,27.37199186
0.74086673,10.72470206,0.5375333,43.05870975
0.37257451,12.87591216,40.99822698,27.04570868
0.69216851,4.93591164,16.72716175,19.52559964
1.18992986,7.36919195,29.42257646,45.73928943
0.85832003,3.28900976,4.59810872,35.93713441
1.08119352,35.39307966,28.58496199,39.73532667
30.19529152,12.52560964,10.80279156,4.84868412
0.07861539,18.45733927,34.44025559,1.08834978
1.08071914,6.5173505,3.24364178,17.13695673
0.91951425,0.67503048,7.08977213,33.61163002
0.8445243,4.61353308,11.49788241,33.89660843
19.51604987,16.33561384,44.58263553,49.73993049
0.22049599,10.31741729,19.24603208,20.85372982
0.51812091,10.57367809,9.42801758,23.78932779
0.23825787,9.29172593,2.80929692,26.72330388
0.78228035,5.83240747,34.80220335,35.64756934
1.00506719,5.77013455,2.70307358,33.4996771
1.11899183,4.14032352,35.11336567,28.4378331
1.10043591,13.34984214,19.88833367,0.49384711
0.32747029,8.42247829,3.55902091,4.16644089
1.13039417,22.31555182,14.0547908,3.09076924
0.42689345,6.91031722,6.6425138,12.01847174
0.82764043,6.84623641,1.40717694,15.97642779
0.68941481,3.74447608,10.55481192,25.407819
3.44995091,18.82874067,28.62205721,12.82101414
0.34399219,10.57671207,32.71222358,29.74328936
1.06950671,5.34069297,14.27604454,26.4415889
1.04629681,10.08442684,37.10719981,36.05501425
0.56981002,5.63213596,20.78309618,33.34377029
6.57096154,1.79859728,22.48084577,18.2743155
0.19290641,7.16185608,20.60065535,30.65783487
0.9643296,11.8606749,4.08772452,29.83863694
0.46287889,11.0505667,4.95401043,16.01317445
0.50253335,11.0441515,15.3378127,0.99962666
0.07436852,10.86056106,34.88900792,16.14406554
0.91939738,5.60989333,44.81582907,8.97053426
23.82204574,19.80102122,19.10047504,31.59185475
0.62654521,4.75631303,25.98659653,22.51762895
1.18285027,3.20807554,5.83072119,49.50187804
0.14444936,18.08405773,9.55484839,33.6444542
0.51031992,6.71239311,20.10633048,48.67297568
0.44085014,15.85778443,2.83005137,47.10074971
0.54229201,9.43186545,30.5731608,21.97934589
1.52628991,4.20489069,37.76935068,12.73465471
0.65762488,9.88204792,31.27876833,25.64722439
0.30452507,9.27825739,9.11124511,49.92705995
0.88355832,14.41931392,3.09649344,23.80881071
0.03678255,6.38021704,30.22505734,27.94964573
0.15353663,4.41776367,12.26877418,43.88700946
0.77396978,9.03449509,5.92765621,40.72439487
49.7784855,8.01533222,34.29717882,3.40893482
0.93023311,1.39765452,45.50036458,25.60978667
1.10895235,2.80165749,20.09613081,30.97850103
0.55465525,11.58586007,4.02404903,15.60770259
0.88888177,4.96137776,10.9060038,36.51350463
0.59067033,9.14031536,1.83934054,42.11861984
0.42089256,22.1694344,40.66866163,48.80842911
0.80292028,4.37930639,48.86190898,20.94716596
0.45405238,10.34838435,23.93442073,27.75065664
0.62580054,11.01713471,13.17210546,35.69317767
0.81506227,8.81684434,8.02156491,15.83102015
1.12759263,12.87591216,21.37694384,18.87808529
0.46976124,13.49910174,14.63011552,22.37244498
21.62290469,3.0488087,22.65993217,23.32201943
0.93477948,8.47250855,18.14867893,25.263209
0.73398172,9.16192565,17.25606496,3.47672376
0.74510315,3.92455597,17.62175575,19.33916607
0.80428668,6.30502028,29.65721919,12.24432663
0.59020006,10.68770357,16.56283098,7.89217815
0.70993257,11.3333882,25.93607345,11.07000024
0.49241355,8.8522603,11.77292567,3.25109088
0.19629113,16.33561384,21.22135286,16.99133586
0.7549121,9.78899844,28.75712759,10.04614192
0.14993199,10.57367809,27.96291982,25.78663438
0.23546102,16.24285217,28.97093929,31.36897866
0.740463,5.83240747,11.19402398,4.03596037
0.56214436,5.77013455,38.70883309,10.90894935
0.41386688,8.58766615,35.88132725,43.43403136
0.37035185,7.52145817,19.88833367,13.09880193
0.78985856,8.67131993,12.65582312,49.94768264
0.59629876,13.40772616,29.58801617,27.16976199
0.57922635,6.91031722,6.6425138,4.75943803
0.51949407,8.43886645,12.02703691,7.78230433
0.14498473,13.58735797,21.41967274,25.407819
0.91519022,8.27108374,28.62205721,13.63431306
0.63445461,13.25575624,20.78528454,25.64100997
0.24039586,11.64018786,2.06582985,43.88267301
0.26770174,12.78105485,4.00834623,47.94218606
0.50180753,8.854898,35.18364918,23.75501885
0.53560881,10.88565577,5.23374887,9.68287291
0.66323559,10.69593359,30.58937533,18.62110369
0.19129194,14.1809439,7.59484164,16.04053456
0.0054271317,13.1505671,10.3420403,42.3577553
0.50253335,11.0441515,2.69952785,15.27936528
0.88243063,13.99951368,20.76020589,25.02681854
0.38073806,10.6516324,6.55178543,8.97053426
44.49839426,14.18319341,30.90305871,21.2029736
0.75771641,8.11339525,2.22325102,33.85262091
0.60584589,9.36880505,4.79425456,15.56252978
0.47686638,10.29411514,7.05445519,22.23641013
0.29168663,15.84058678,12.19359461,12.55208219
0.65131123,10.80569133,6.32136914,40.38989166
0.83241131,8.8649977,33.50509928,39.90115758
0.2682053,18.39193158,0.17730875,3.11655301
0.43996766,9.41517099,28.69399056,17.16176495
0.14731242,14.77502506,27.00239583,31.29900243
0.84484661,13.48886126,19.39665085,30.15753774
0.99179013,5.96336504,2.91763764,19.01982399
0.41922525,10.75583444,16.86736377,13.7571464
0.20081258,9.03449509,17.88067408,1.51217709
0.56465065,11.53428631,5.60317182,32.51228994
0.62845532,10.22302569,5.75686758,10.04649699
0.50001641,11.48211765,18.95191814,7.96351218
