Node,Azi_[RAD],Ele_[RAD]
"[108.3694449404511, 120.9366876077089, 55]",-0.0841818183187194,0.0825184189874802
"[138.77503653147232, 304.0773439350247, 101]",-0.0841818183187194,0.0825184189874802
"[128.16843481367414, 200.1326471006023, 80]",-0.0841818183187194,0.0825184189874802
"[133.1181822819799, 142.85699782449183, 84]",-0.0841818183187194,0.0825184189874802
"[125.34000768892793, 238.31641328467583, 79]",-0.0841818183187194,0.0825184189874802
"[115.44051275231641, 205.7895013500946, 72]",-0.0841818183187194,0.0825184189874802
"[105.54101781570444, 184.57629791449813, 61]",-0.0841818183187194,0.0825184189874802
"[114.02629918994307, 211.44635559958692, 76]",-0.0841818183187194,0.0825184189874802
"[128.16843481367414, 214.27478272433314, 69]",-0.0841818183187194,0.0825184189874802
"[122.51158056418171, 207.20371491246772, 77]",-0.0841818183187194,0.0825184189874802
"[121.09736700180883, 258.1154031578991, 88]",-0.0841818183187194,0.0825184189874802
"[128.8755415948608, 141.44278426211872, 88]",-0.0841818183187194,0.0825184189874802
"[117.56183309587595, 189.526045382804, 60]",-0.0841818183187194,0.0825184189874802
"[109.07655172163732, 206.49660813128116, 66]",-0.0841818183187194,0.0825184189874802
"[130.28975515723369, 189.526045382804, 77]",-0.0841818183187194,0.0825184189874802
"[126.75422125130126, 255.28697603315288, 83]",-0.0841818183187194,0.0825184189874802
"[133.82528906316657, 241.14484040942193, 95]",-0.0841818183187194,0.0825184189874802
"[120.39026022062217, 161.2417741353421, 81]",-0.0841818183187194,0.0825184189874802
"[119.6831534394355, 88.40977567312768, 87]",-0.0841818183187194,0.0825184189874802
"[123.21868734536838, 156.9991334482229, 84]",-0.0841818183187194,0.0825184189874802
"[128.16843481367414, 283.5712472806148, 97]",-0.0841818183187194,0.0825184189874802
"[104.12680425333156, 167.60573516602096, 58]",-0.0841818183187194,0.0825184189874802
"[136.65371618791278, 279.3286065934956, 107]",-0.0841818183187194,0.0825184189874802
"[130.99686193842035, 255.286976033153, 97]",-0.0841818183187194,0.0825184189874802
"[104.12680425333156, 137.90725035618607, 58]",-0.0841818183187194,0.0825184189874802
"[147.96742468689763, 273.67175234400315, 105]",-0.0841818183187194,0.0825184189874802
"[123.21868734536838, 87.70266889194113, 79]",-0.0841818183187194,0.0825184189874802
"[128.16843481367414, 251.04433534603368, 88]",-0.0841818183187194,0.0825184189874802
"[126.75422125130126, 139.32146391855917, 89]",-0.0841818183187194,0.0825184189874802
"[135.9466094067261, 131.5432893255071, 96]",-0.0841818183187194,0.0825184189874802
"[128.8755415948608, 192.3544725075502, 96]",-0.0841818183187194,0.0825184189874802
"[135.9466094067261, 185.28340469568468, 95]",-0.0841818183187194,0.0825184189874802
"[135.9466094067261, 260.23672350145875, 100]",-0.0841818183187194,0.0825184189874802
"[140.89635687503232, 296.29916934197263, 103]",-0.0841818183187194,0.0825184189874802
"[199.58621971351567, 181.04076400856547, 10]",0.0799195418929691,0.1776370570027098
"[189.6867247769037, 203.66818100653495, 18]",0.0799195418929691,0.1776370570027098
"[210.89992821250007, 224.88138444213132, 22]",0.0799195418929691,0.1776370570027098
"[193.22225868283658, 188.81893860161745, 16]",0.0799195418929691,0.1776370570027098
"[367.1705268547271, 239.73062684704882, 78]",-0.1143105546027925,0.0534450590067544
"[367.1705268547271, 272.25753878163005, 90]",-0.1143105546027925,0.0534450590067544
"[360.0994590428618, 211.44635559958692, 76]",-0.1143105546027925,0.0534450590067544
"[377.07002179133906, 174.6768029778865, 100]",-0.1143105546027925,0.0534450590067544
"[368.5847404171004, 136.49303679381296, 88]",-0.1143105546027925,0.0534450590067544
"[360.80656582404845, 82.04581464244882, 81]",-0.1143105546027925,0.0534450590067544
"[363.63499294879466, 193.76868606992332, 89]",-0.1143105546027925,0.0534450590067544
"[357.97813869930224, 206.49660813128116, 77]",-0.1143105546027925,0.0534450590067544
"[372.8273811042195, 246.80169465891436, 90]",-0.1143105546027925,0.0534450590067544
"[368.5847404171004, 259.5296167202723, 95]",-0.1143105546027925,0.0534450590067544
"[369.2918471982871, 258.82250993908565, 93]",-0.1143105546027925,0.0534450590067544
"[373.5344878854062, 117.40115370177614, 94]",-0.1143105546027925,0.0534450590067544
"[366.4634200735409, 219.224530192639, 93]",-0.1143105546027925,0.0534450590067544
"[360.0994590428618, 180.33365722737892, 78]",-0.1143105546027925,0.0534450590067544
"[372.8273811042195, 300.54181002909195, 99]",-0.1143105546027925,0.0534450590067544
"[368.5847404171004, 224.17427766094488, 78]",-0.1143105546027925,0.0534450590067544
"[367.87763363591375, 236.19509294111617, 82]",-0.1143105546027925,0.0534450590067544
"[361.5136726052351, 200.13264710060218, 84]",-0.1143105546027925,0.0534450590067544
"[365.7563132923542, 207.20371491246772, 75]",-0.1143105546027925,0.0534450590067544
"[376.3629150101524, 213.56767594314658, 100]",-0.1143105546027925,0.0534450590067544
"[367.1705268547271, 106.79455198397795, 94]",-0.1143105546027925,0.0534450590067544
"[348.0786437626907, 58.00418408210612, 78]",-0.1143105546027925,0.0534450590067544
"[374.24159466659285, 193.06157928873677, 99]",-0.1143105546027925,0.0534450590067544
"[383.4339828220177, 268.7220048756974, 100]",-0.1143105546027925,0.0534450590067544
"[365.04920651116754, 202.25396744416184, 76]",-0.1143105546027925,0.0534450590067544
"[369.9989539794733, 224.17427766094488, 84]",-0.1143105546027925,0.0534450590067544
"[362.927886167608, 191.64736572636366, 82]",-0.1143105546027925,0.0534450590067544
"[366.4634200735409, 117.40115370177614, 86]",-0.1143105546027925,0.0534450590067544
"[201.00043327588855, 339.43268299435204, 25]",-0.0864534060669596,-0.0005761299122138
"[187.56540443334416, 473.0758646386096, 37]",-0.0864534060669596,-0.0005761299122138
"[189.6867247769037, 360.6458864299485, 54]",-0.0864534060669596,-0.0005761299122138
"[195.34357902639613, 322.46212024587487, 36]",-0.0864534060669596,-0.0005761299122138
"[193.22225868283658, 321.7550134646883, 40]",-0.0864534060669596,-0.0005761299122138
"[185.4440840897846, 472.36875785742313, 69]",-0.0864534060669596,-0.0005761299122138
"[186.8582976521575, 486.51089348115397, 68]",-0.0864534060669596,-0.0005761299122138
"[193.92936546402325, 482.26825279403465, 35]",-0.0864534060669596,-0.0005761299122138
"[185.4440840897846, 511.96673760386966, 53]",-0.0864534060669596,-0.0005761299122138
"[181.90855018385173, 440.54895270402835, 60]",-0.0864534060669596,-0.0005761299122138
"[195.34357902639613, 354.9890321804561, 45]",-0.0864534060669596,-0.0005761299122138
"[195.34357902639613, 360.6458864299485, 41]",-0.0864534060669596,-0.0005761299122138
"[178.37301627791885, 503.48145622963125, 71]",-0.0864534060669596,-0.0005761299122138
"[195.34357902639613, 330.9474016201135, 45]",-0.0864534060669596,-0.0005761299122138
"[184.73697730859794, 398.1225458328355, 46]",-0.0864534060669596,-0.0005761299122138
"[196.757792588769, 492.1677477306464, 34]",-0.0864534060669596,-0.0005761299122138
"[194.63647224520992, 443.37737982877456, 45]",-0.0864534060669596,-0.0005761299122138
"[184.02987052741128, 504.89566979200424, 71]",-0.0864534060669596,-0.0005761299122138
"[188.27251121453082, 462.4692629208114, 46]",-0.0864534060669596,-0.0005761299122138
"[178.3730162779193, 492.1677477306464, 32]",-0.0864534060669596,-0.0005761299122138
"[193.92936546402325, 446.91291373470733, 66]",-0.0864534060669596,-0.0005761299122138
"[187.56540443334416, 433.4778848921628, 68]",-0.0864534060669596,-0.0005761299122138
"[185.4440840897846, 487.9251070435271, 54]",-0.0864534060669596,-0.0005761299122138
"[197.46489936995567, 355.69613896164265, 38]",-0.0864534060669596,-0.0005761299122138
"[184.02987052741128, 388.9301576774104, 53]",-0.0864534060669596,-0.0005761299122138
"[190.39383155809037, 511.2596308226832, 51]",-0.0864534060669596,-0.0005761299122138
"[185.4440840897846, 379.0306627407988, 26]",-0.0864534060669596,-0.0005761299122138
"[188.27251121453082, 434.1849916733495, 57]",-0.0864534060669596,-0.0005761299122138
"[190.39383155809037, 478.732718888102, 76]",-0.0864534060669596,-0.0005761299122138
"[191.10093833927704, 397.41543905164895, 24]",-0.0864534060669596,-0.0005761299122138
"[181.90855018385173, 498.53170876132526, 70]",-0.0864534060669596,-0.0005761299122138
"[192.51515190164992, 446.91291373470733, 29]",-0.0864534060669596,-0.0005761299122138
"[190.39383155809037, 488.6322138247135, 46]",-0.0864534060669596,-0.0005761299122138
"[198.879112932329, 290.6423150924803, 34]",-0.0864534060669596,-0.0005761299122138
"[183.32276374622506, 512.6738443850562, 56]",-0.0864534060669596,-0.0005761299122138
"[185.4440840897846, 448.32712729708044, 41]",-0.0864534060669596,-0.0005761299122138
"[184.73697730859794, 491.46064094945973, 43]",-0.0864534060669596,-0.0005761299122138
"[181.90855018385173, 467.41901038911715, 39]",-0.0864534060669596,-0.0005761299122138
"[193.22225868283658, 383.98041020910455, 49]",-0.0864534060669596,-0.0005761299122138
"[198.17200615114234, 407.3149339882607, 48]",-0.0864534060669596,-0.0005761299122138
"[191.10093833927704, 479.43982566928855, 57]",-0.0864534060669596,-0.0005761299122138
"[200.29332649470234, 358.52456608638886, 52]",-0.0864534060669596,-0.0005761299122138
"[184.02987052741128, 445.49870017233434, 73]",-0.0864534060669596,-0.0005761299122138
"[181.20144340266506, 448.32712729708055, 58]",-0.0864534060669596,-0.0005761299122138
"[191.10093833927704, 444.0844866099611, 33]",-0.0864534060669596,-0.0005761299122138
"[192.51515190164992, 336.60425586960594, 34]",-0.0864534060669596,-0.0005761299122138
"[195.34357902639613, 305.4915574973978, 34]",-0.0864534060669596,-0.0005761299122138
"[193.92936546402325, 394.58701192690273, 53]",-0.0864534060669596,-0.0005761299122138
"[191.10093833927704, 294.1778489984131, 39]",-0.0864534060669596,-0.0005761299122138
"[419.4964286625318, 436.30631201690915, 45]",-0.1477319668087736,0.0367738431876064
"[403.2329726952412, 349.3321779309638, 29]",-0.1477319668087736,0.0367738431876064
"[408.8898269447336, 364.8885271170677, 46]",-0.1477319668087736,0.0367738431876064
"[408.8898269447336, 363.4743135546946, 22]",-0.1477319668087736,0.0367738431876064
"[413.8395744130394, 385.39462377147765, 4]",-0.1477319668087736,0.0367738431876064
"[407.4756133823603, 510.55252404149655, 61]",-0.1477319668087736,0.0367738431876064
"[384.14108960320436, 245.38748109654125, 0]",-0.1477319668087736,0.0367738431876064
"[404.6471862576145, 455.39819510894586, 13]",-0.1477319668087736,0.0367738431876064
"[415.9608947565989, 503.48145622963114, 26]",-0.1477319668087736,0.0367738431876064
"[389.7979438526968, 379.73776952198534, -24]",-0.1477319668087736,0.0367738431876064
"[391.21215741506967, 320.3407999023153, -15]",-0.1477319668087736,0.0367738431876064
"[393.33347775862967, 299.8347032479055, 15]",-0.1477319668087736,0.0367738431876064
"[410.3040405071065, 486.51089348115397, 58]",-0.1477319668087736,0.0367738431876064
"[385.55530316557724, 287.8138879677341, 12]",-0.1477319668087736,0.0367738431876064
"[416.6680015377856, 456.1053018901324, 17]",-0.1477319668087736,0.0367738431876064
"[411.7182540694798, 489.3393206059002, 60]",-0.1477319668087736,0.0367738431876064
"[411.7182540694798, 359.2316728675755, 12]",-0.1477319668087736,0.0367738431876064
"[402.5258659140545, 327.41186771418074, 33]",-0.1477319668087736,0.0367738431876064
"[408.18272016354695, 385.39462377147765, 26]",-0.1477319668087736,0.0367738431876064
"[412.4253608506665, 487.21800026234064, 54]",-0.1477319668087736,0.0367738431876064
"[396.8690116645621, 415.09310858131266, -12]",-0.1477319668087736,0.0367738431876064
"[398.28322522693543, 355.69613896164265, -6]",-0.1477319668087736,0.0367738431876064
"[412.42536085066604, 375.495128834866, 7]",-0.1477319668087736,0.0367738431876064
"[411.7182540694798, 316.80526599638256, 21]",-0.1477319668087736,0.0367738431876064
"[380.6055556972715, 239.02352006586239, 0]",-0.1477319668087736,0.0367738431876064
"[388.3837302903239, 415.09310858131266, -27]",-0.1477319668087736,0.0367738431876064
"[425.1532829120242, 454.6910883277594, 62]",-0.1477319668087736,0.0367738431876064
"[412.4253608506665, 449.034234078267, 52]",-0.1477319668087736,0.0367738431876064
"[416.6680015377856, 498.53170876132526, 33]",-0.1477319668087736,0.0367738431876064
"[418.78932188134513, 527.5230867899736, 49]",-0.1477319668087736,0.0367738431876064
"[377.77712857252527, 284.27835406180134, -1]",-0.1477319668087736,0.0367738431876064
"[374.24159466659285, 286.399674405361, -2]",-0.1477319668087736,0.0367738431876064
"[383.4339828220177, 411.55757467538, -26]",-0.1477319668087736,0.0367738431876064
"[389.0908370715101, 330.9474016201135, -14]",-0.1477319668087736,0.0367738431876064
"[382.0197692596448, 347.9179643685907, -24]",-0.1477319668087736,0.0367738431876064
"[410.3040405071065, 342.26111011909825, 21]",-0.1477319668087736,0.0367738431876064
"[411.01114728829316, 466.00479682674404, 35]",-0.1477319668087736,0.0367738431876064
"[416.6680015377856, 466.00479682674404, 66]",-0.1477319668087736,0.0367738431876064
"[406.76850660117407, 439.13473914165525, 57]",-0.1477319668087736,0.0367738431876064
"[384.14108960320436, 424.9926035179244, -28]",-0.1477319668087736,0.0367738431876064
"[406.0613998199874, 374.78802205367947, 37]",-0.1477319668087736,0.0367738431876064
"[400.404545570495, 448.32712729708044, -19]",-0.1477319668087736,0.0367738431876064
"[401.8187591328683, 468.1261171703038, 22]",-0.1477319668087736,0.0367738431876064
"[400.404545570495, 332.3616151824866, 14]",-0.1477319668087736,0.0367738431876064
"[396.1619048833759, 363.4743135546946, -12]",-0.1477319668087736,0.0367738431876064
"[409.5969337259203, 317.5123727775691, 26]",-0.1477319668087736,0.0367738431876064
"[420.9106422249047, 481.5611460128482, 34]",-0.1477319668087736,0.0367738431876064
"[382.0197692596448, 408.7291475506338, -31]",-0.1477319668087736,0.0367738431876064
"[413.8395744130394, 509.8454172603101, 45]",-0.1477319668087736,0.0367738431876064
"[414.54668119422604, 463.8834764831845, 37]",-0.1477319668087736,0.0367738431876064
"[386.2624099467639, 373.37380849130636, -9]",-0.1477319668087736,0.0367738431876064
"[379.1913421348986, 429.94235098623017, -30]",-0.1477319668087736,0.0367738431876064
"[406.0613998199874, 442.670273047588, 32]",-0.1477319668087736,0.0367738431876064
"[425.1532829120242, 495.70328163657905, 66]",-0.1477319668087736,0.0367738431876064
"[414.54668119422604, 384.6875169902912, 5]",-0.1477319668087736,0.0367738431876064
"[405.35429303880073, 477.3185053257289, 13]",-0.1477319668087736,0.0367738431876064
"[416.6680015377856, 393.8799051457163, 24]",-0.1477319668087736,0.0367738431876064
"[397.57611844574876, 292.76363543604, 15]",-0.1477319668087736,0.0367738431876064
"[413.1324676318527, 520.4520189781083, 52]",-0.1477319668087736,0.0367738431876064
"[413.1324676318527, 435.5992052357226, 64]",-0.1477319668087736,0.0367738431876064
"[384.14108960320436, 253.8727624707799, 14]",-0.1477319668087736,0.0367738431876064
"[420.9106422249047, 494.28906807420594, 37]",-0.1477319668087736,0.0367738431876064
"[408.8898269447336, 342.26111011909825, 37]",-0.1477319668087736,0.0367738431876064
"[394.04058453981634, 304.78445071621127, 6]",-0.1477319668087736,0.0367738431876064
"[406.76850660117407, 434.89209845453604, 18]",-0.1477319668087736,0.0367738431876064
"[384.84819638439103, 301.2489168102786, 2]",-0.1477319668087736,0.0367738431876064
"[389.7979438526968, 467.41901038911715, -21]",-0.1477319668087736,0.0367738431876064
"[391.21215741506967, 419.335749268432, -18]",-0.1477319668087736,0.0367738431876064
"[415.2537879754127, 453.2768747653863, 60]",-0.1477319668087736,0.0367738431876064
"[411.7182540694798, 364.8885271170677, 34]",-0.1477319668087736,0.0367738431876064
"[384.14108960320436, 292.0565286548533, -2]",-0.1477319668087736,0.0367738431876064
"[406.76850660117407, 451.8626612030132, 66]",-0.1477319668087736,0.0367738431876064
"[407.4756133823603, 438.4276323604688, 53]",-0.1477319668087736,0.0367738431876064
"[410.3040405071065, 444.08448660996123, 54]",-0.1477319668087736,0.0367738431876064
"[412.4253608506665, 419.335749268432, 13]",-0.1477319668087736,0.0367738431876064
"[394.74769132100255, 236.19509294111617, 13]",-0.1477319668087736,0.0367738431876064
"[424.44617613083756, 439.8418459228419, 64]",-0.1477319668087736,0.0367738431876064
"[398.28322522693543, 367.0098474606275, -18]",-0.1477319668087736,0.0367738431876064
"[410.30404050710695, 461.0550493584383, 8]",-0.1477319668087736,0.0367738431876064
"[396.8690116645621, 433.4778848921628, 14]",-0.1477319668087736,0.0367738431876064
"[418.08221510015846, 429.2352442050436, 38]",-0.1477319668087736,0.0367738431876064
"[377.07002179133906, 287.8138879677341, 7]",-0.1477319668087736,0.0367738431876064
"[403.94007947642785, 420.7499628308051, -2]",-0.1477319668087736,0.0367738431876064
"[396.8690116645621, 293.4707422172264, 15]",-0.1477319668087736,0.0367738431876064
"[404.6471862576145, 321.0479066835019, 32]",-0.1477319668087736,0.0367738431876064
"[417.37510831897225, 521.8662325404814, 60]",-0.1477319668087736,0.0367738431876064
"[420.20353544371847, 448.32712729708044, 31]",-0.1477319668087736,0.0367738431876064
"[411.01114728829316, 434.8920984545359, 27]",-0.1477319668087736,0.0367738431876064
"[416.6680015377856, 525.4017664464141, 65]",-0.1477319668087736,0.0367738431876064
"[623.1431816442573, 243.97326753416814, 96]",-0.2024184527383166,0.050872737850802
"[603.3441917710343, 147.8067452927977, 90]",-0.2024184527383166,0.050872737850802
"[609.7081528017129, 73.56053326821018, 91]",-0.2024184527383166,0.050872737850802
"[612.5365799264591, 226.29559800450443, 89]",-0.2024184527383166,0.050872737850802
"[599.8086578651014, 226.29559800450443, 80]",-0.2024184527383166,0.050872737850802
"[614.6579002700191, 150.6351724175439, 97]",-0.2024184527383166,0.050872737850802
"[605.4655121145938, 110.3300858899106, 86]",-0.2024184527383166,0.050872737850802
"[593.4446968344223, 115.27983335821648, 82]",-0.2024184527383166,0.050872737850802
"[610.4152595828996, 156.29202666703623, 93]",-0.2024184527383166,0.050872737850802
"[601.9299782086609, 232.6595590351834, 83]",-0.2024184527383166,0.050872737850802
"[625.2645019878173, 263.06515062620497, 95]",-0.2024184527383166,0.050872737850802
"[623.850288425444, 274.3788591251898, 97]",-0.2024184527383166,0.050872737850802
"[617.4863273947649, 253.8727624707799, 100]",-0.2024184527383166,0.050872737850802
"[600.5157646462881, 222.76006409857177, 73]",-0.2024184527383166,0.050872737850802
"[626.6787155501902, 292.76363543604, 99]",-0.2024184527383166,0.050872737850802
"[597.6873375215418, 215.68899628670624, 75]",-0.2024184527383166,0.050872737850802
"[613.9507934888325, 251.75144212722012, 92]",-0.2024184527383166,0.050872737850802
"[611.1223663640862, 196.59711319466942, 83]",-0.2024184527383166,0.050872737850802
"[618.9005409571382, 187.40472503924434, 94]",-0.2024184527383166,0.050872737850802
"[596.2731239591685, 152.0493859799169, 83]",-0.2024184527383166,0.050872737850802
"[587.7878425849303, 61.53971798803889, 78]",-0.2024184527383166,0.050872737850802
"[607.5868324581534, 219.93163697382556, 84]",-0.2024184527383166,0.050872737850802
"[599.8086578651014, 209.32503525602738, 79]",-0.2024184527383166,0.050872737850802
"[595.5660171779823, 179.62655044619237, 73]",-0.2024184527383166,0.050872737850802
"[606.1726188957805, 205.7895013500946, 85]",-0.2024184527383166,0.050872737850802
"[605.4655121145938, 178.21233688381926, 88]",-0.2024184527383166,0.050872737850802
"[609.0010460205267, 130.83618254432054, 94]",-0.2024184527383166,0.050872737850802
"[603.3441917710343, 242.55905397179504, 83]",-0.2024184527383166,0.050872737850802
"[600.5157646462881, 20.52752467921914, 80]",-0.2024184527383166,0.050872737850802
"[609.0010460205267, 266.6006845321376, 89]",-0.2024184527383166,0.050872737850802
"[599.1015510839147, 156.29202666703623, 80]",-0.2024184527383166,0.050872737850802
"[31.294805791117142, 746.7261889578035, 105]",-0.1945833724948832,-0.0463624753857063
"[50.386688883153965, 861.9845942912107, 108]",-0.1945833724948832,-0.0463624753857063
"[17.859776948572744, 685.2078989945737, 105]",-0.1945833724948832,-0.0463624753857063
"[135.9466094067261, 708.5424227737299, 35]",0.0638109154236712,-0.0498251053037907
"[179.08012305910552, 593.2840174403227, 63]",0.0638109154236712,-0.0498251053037907
"[140.18925009384566, 619.4469683442248, 28]",0.0638109154236712,-0.0498251053037907
"[143.72478399977808, 712.0779566796627, 38]",0.0638109154236712,-0.0498251053037907
"[165.64509421656112, 670.3586565896562, 43]",0.0638109154236712,-0.0498251053037907
"[162.1095603106287, 555.1002512562491, 33]",0.0638109154236712,-0.0498251053037907
"[165.64509421656112, 572.7779207859128, 27]",0.0638109154236712,-0.0498251053037907
"[157.86691962350915, 601.7692988145611, 25]",0.0638109154236712,-0.0498251053037907
"[174.83748237198643, 596.1124445650689, 56]",0.0638109154236712,-0.0498251053037907
"[172.71616202842688, 633.5891039679559, 56]",0.0638109154236712,-0.0498251053037907
"[179.08012305910552, 639.9530649986348, 59]",0.0638109154236712,-0.0498251053037907
"[176.2516959343593, 624.3967158125308, 61]",0.0638109154236712,-0.0498251053037907
"[166.3522009977478, 614.4972208759191, 49]",0.0638109154236712,-0.0498251053037907
"[164.23088065418824, 593.9911242215092, 37]",0.0638109154236712,-0.0498251053037907
"[172.0090552472402, 579.1418818165916, 57]",0.0638109154236712,-0.0498251053037907
"[179.08012305910552, 647.0241328105003, 58]",0.0638109154236712,-0.0498251053037907
"[159.9882399670687, 627.9322497184635, 33]",0.0638109154236712,-0.0498251053037907
"[170.59484168486688, 560.7571055057415, 28]",0.0638109154236712,-0.0498251053037907
"[146.5532111245243, 668.2373362460967, 40]",0.0638109154236712,-0.0498251053037907
"[167.76641456012067, 680.9652583074546, 46]",0.0638109154236712,-0.0498251053037907
"[154.33138571757627, 632.1748904055828, 32]",0.0638109154236712,-0.0498251053037907
"[175.54458915317264, 582.6774157225245, 56]",0.0638109154236712,-0.0498251053037907
"[160.69534674825536, 594.6982310026958, 35]",0.0638109154236712,-0.0498251053037907
"[176.2516959343593, 562.1713190681146, 50]",0.0638109154236712,-0.0498251053037907
"[181.90855018385173, 676.7226176203353, 55]",0.0638109154236712,-0.0498251053037907
"[163.52377387300157, 622.9825022501577, 43]",0.0638109154236712,-0.0498251053037907
"[131.70396871960702, 654.8023074035523, 26]",0.0638109154236712,-0.0498251053037907
"[167.76641456012112, 611.6687937511729, 46]",0.0638109154236712,-0.0498251053037907
"[173.4232688096131, 627.225142937277, 42]",0.0638109154236712,-0.0498251053037907
"[159.9882399670687, 605.304832720494, 49]",0.0638109154236712,-0.0498251053037907
"[120.39026022062217, 643.4885989045677, 16]",-0.1879815737709175,-0.0463624753857063
"[114.73340597112974, 649.1454531540599, 21]",-0.1879815737709175,-0.0463624753857063
"[32.00191257230381, 733.2911601152591, 18]",0.2590547656459103,-0.0192613642497627
"[46.851154977221086, 707.128209211357, 19]",0.2590547656459103,-0.0192613642497627
"[642.9421715174808, 376.90934239723913, 25]",-0.0926998550963555,-0.2166384344462582
"[650.7203461105328, 445.4987001723342, 66]",-0.0926998550963555,-0.2166384344462582
"[639.4066376115479, 468.1261171703037, 50]",-0.0926998550963555,-0.2166384344462582
"[647.1848122046003, 449.034234078267, 23]",-0.0926998550963555,-0.2166384344462582
"[605.4655121145938, 224.88138444213132, 27]",-0.0926998550963555,-0.2166384344462582
"[648.5990257669732, 468.83322395149025, 31]",-0.0926998550963555,-0.2166384344462582
"[616.072113832392, 270.84332521925694, 40]",-0.0926998550963555,-0.2166384344462582
"[614.6579002700191, 307.6128778409575, 46]",-0.0926998550963555,-0.2166384344462582
"[650.0132393293461, 439.13473914165525, 43]",-0.0926998550963555,-0.2166384344462582
"[628.0929291125631, 306.9057710597709, 35]",-0.0926998550963555,-0.2166384344462582
"[598.3944443027285, 203.66818100653495, 7]",-0.0926998550963555,-0.2166384344462582
"[637.992424049175, 466.7119036079307, 57]",-0.0926998550963555,-0.2166384344462582
"[626.6787155501902, 415.8002153624992, 72]",-0.0926998550963555,-0.2166384344462582
"[628.0929291125635, 396.00122548927584, 57]",-0.0926998550963555,-0.2166384344462582
"[640.8208511739213, 462.4692629208114, 66]",-0.0926998550963555,-0.2166384344462582
"[637.992424049175, 379.0306627407988, 33]",-0.0926998550963555,-0.2166384344462582
"[625.2645019878173, 333.7758287448596, 33]",-0.0926998550963555,-0.2166384344462582
"[640.8208511739213, 347.9179643685907, 22]",-0.0926998550963555,-0.2166384344462582
"[630.2142494561231, 321.75501346468843, 34]",-0.0926998550963555,-0.2166384344462582
"[609.0010460205267, 276.50017946874937, 16]",-0.0926998550963555,-0.2166384344462582
"[625.9716087690035, 286.3996744053611, 31]",-0.0926998550963555,-0.2166384344462582
"[643.6492782986675, 376.2022356160526, 24]",-0.0926998550963555,-0.2166384344462582
"[619.6076477383249, 364.88852711706784, 62]",-0.0926998550963555,-0.2166384344462582
"[640.1137443927346, 402.3651865199548, 51]",-0.0926998550963555,-0.2166384344462582
"[641.5279579551079, 423.5783899555513, 61]",-0.0926998550963555,-0.2166384344462582
"[641.5279579551079, 422.1641763931782, 35]",-0.0926998550963555,-0.2166384344462582
"[649.3061325481599, 442.670273047588, 24]",-0.0926998550963555,-0.2166384344462582
"[641.5279579551079, 437.72052557928214, 63]",-0.0926998550963555,-0.2166384344462582
"[616.072113832392, 351.45349827452344, 49]",-0.0926998550963555,-0.2166384344462582
"[643.6492782986675, 412.971788237753, 20]",-0.0926998550963555,-0.2166384344462582
"[650.0132393293461, 490.0464273870866, 57]",-0.0926998550963555,-0.2166384344462582
"[634.4568901432422, 398.1225458328356, 54]",-0.0926998550963555,-0.2166384344462582
"[657.7914139223985, 492.1677477306464, 61]",-0.0926998550963555,-0.2166384344462582
"[650.0132393293461, 460.3479425772516, 64]",-0.0926998550963555,-0.2166384344462582
"[648.5990257669732, 437.72052557928214, 44]",-0.0926998550963555,-0.2166384344462582
"[635.1639969244288, 418.62864248724543, 25]",-0.0926998550963555,-0.2166384344462582
"[649.3061325481599, 475.19718498216923, 37]",-0.0926998550963555,-0.2166384344462582
"[606.8797256769667, 231.95245225399685, 17]",-0.0926998550963555,-0.2166384344462582
"[628.0929291125631, 415.8002153624992, 73]",-0.0926998550963555,-0.2166384344462582
"[634.4568901432422, 324.58344058943453, 17]",-0.0926998550963555,-0.2166384344462582
"[623.850288425444, 349.3321779309638, 21]",-0.0926998550963555,-0.2166384344462582
"[637.2853172679884, 369.8382745853737, 41]",-0.0926998550963555,-0.2166384344462582
"[627.3858223313769, 405.19361364470103, 70]",-0.0926998550963555,-0.2166384344462582
"[630.9213562373097, 403.07229330114137, 70]",-0.0926998550963555,-0.2166384344462582
"[616.072113832392, 263.7722574073915, 14]",-0.0926998550963555,-0.2166384344462582
"[612.5365799264591, 267.3077913133243, 24]",-0.0926998550963555,-0.2166384344462582
"[630.9213562373097, 373.37380849130636, 66]",-0.0926998550963555,-0.2166384344462582
"[642.2350647362941, 486.51089348115397, 48]",-0.0926998550963555,-0.2166384344462582
"[587.7878425849303, 183.16208435212513, 8]",-0.0926998550963555,-0.2166384344462582
"[617.4863273947649, 292.0565286548534, 36]",-0.0926998550963555,-0.2166384344462582
"[635.1639969244288, 333.7758287448597, 16]",-0.0926998550963555,-0.2166384344462582
"[648.5990257669732, 450.4484476406401, 30]",-0.0926998550963555,-0.2166384344462582
"[639.4066376115479, 400.24386617639516, 68]",-0.0926998550963555,-0.2166384344462582
"[594.151803615609, 217.8103166302659, 19]",-0.0926998550963555,-0.2166384344462582
"[632.3355697996826, 427.11392386148395, 59]",-0.0926998550963555,-0.2166384344462582
"[636.5782104868017, 441.256059485215, 26]",-0.0926998550963555,-0.2166384344462582
"[623.850288425444, 357.8174593052024, 43]",-0.0926998550963555,-0.2166384344462582
"[617.4863273947649, 259.5296167202722, 30]",-0.0926998550963555,-0.2166384344462582
"[640.1137443927346, 402.3651865199548, 50]",-0.0926998550963555,-0.2166384344462582
"[642.2350647362941, 381.859089865545, 18]",-0.0926998550963555,-0.2166384344462582
"[630.2142494561231, 389.637264458597, 37]",-0.0926998550963555,-0.2166384344462582
"[640.8208511739213, 458.22662223369207, 55]",-0.0926998550963555,-0.2166384344462582
"[609.0010460205267, 277.9143930311225, 13]",-0.0926998550963555,-0.2166384344462582
"[602.6370849898476, 195.18289963229643, 20]",-0.0926998550963555,-0.2166384344462582
"[621.0218613006978, 316.80526599638256, 28]",-0.0926998550963555,-0.2166384344462582
"[589.9091629284899, 176.79812332144616, 12]",-0.0926998550963555,-0.2166384344462582
"[628.8000358937497, 354.28192539926954, 47]",-0.0926998550963555,-0.2166384344462582
"[631.628463018496, 379.73776952198534, 59]",-0.0926998550963555,-0.2166384344462582
"[600.5157646462881, 248.21590822128746, 19]",-0.0926998550963555,-0.2166384344462582
"[611.1223663640862, 258.82250993908565, 16]",-0.0926998550963555,-0.2166384344462582
"[632.3355697996826, 411.5575746753799, 73]",-0.0926998550963555,-0.2166384344462582
"[647.1848122045999, 461.7621561396247, 54]",-0.0926998550963555,-0.2166384344462582
"[843.7604973744601, 197.30421997585609, 78]",-0.2250199200839288,0.0236673212399804
"[840.2249634685277, 188.1118318204309, 85]",-0.2250199200839288,0.0236673212399804
"[848.0031380615796, 177.5052301026327, 92]",-0.2250199200839288,0.0236673212399804
"[834.5681092190353, 84.87424176719492, 80]",-0.2250199200839288,0.0236673212399804
"[831.739682094289, 149.92806563635736, 80]",-0.2250199200839288,0.0236673212399804
"[824.6686142824237, 26.891485709898006, 80]",-0.2250199200839288,0.0236673212399804
"[832.4467888754757, 64.3681451127851, 84]",-0.2250199200839288,0.0236673212399804
"[862.8523804664969, 224.88138444213132, 89]",-0.2250199200839288,0.0236673212399804
"[842.3462838120872, 113.86561979584349, 89]",-0.2250199200839288,0.0236673212399804
"[831.0325753131024, 12.042243304980616, 84]",-0.2250199200839288,0.0236673212399804
"[861.438166904124, 246.0945878777278, 99]",-0.2250199200839288,0.0236673212399804
"[838.1036431249677, 193.06157928873677, 76]",-0.2250199200839288,0.0236673212399804
"[831.0325753131024, 47.39758236430794, 94]",-0.2250199200839288,0.0236673212399804
"[832.4467888754757, 84.16713498600848, 78]",-0.2250199200839288,0.0236673212399804
"[845.1747109368334, 185.99051147687123, 72]",-0.2250199200839288,0.0236673212399804
"[845.8818177180201, 110.33008588991072, 94]",-0.2250199200839288,0.0236673212399804
"[823.9615075012371, 72.85342648702363, 92]",-0.2250199200839288,0.0236673212399804
"[845.1747109368334, 188.81893860161745, 80]",-0.2250199200839288,0.0236673212399804
"[838.1036431249681, 53.05443661380036, 83]",-0.2250199200839288,0.0236673212399804
"[854.3670990922583, 224.88138444213143, 89]",-0.2250199200839288,0.0236673212399804
"[842.3462838120872, 146.3925317304246, 80]",-0.2250199200839288,0.0236673212399804
"[840.2249634685277, 165.48441482246142, 82]",-0.2250199200839288,0.0236673212399804
"[849.4173516239525, 123.765114732455, 90]",-0.2250199200839288,0.0236673212399804
"[853.6599923110721, 171.8483758531404, 93]",-0.2250199200839288,0.0236673212399804
"[842.3462838120872, 48.81179592668104, 94]",-0.2250199200839288,0.0236673212399804
"[860.0239533417507, 261.65093706383186, 88]",-0.2250199200839288,0.0236673212399804
"[838.1036431249681, 103.96612485923174, 85]",-0.2250199200839288,0.0236673212399804
"[826.7899346259833, 58.71129086329279, 80]",-0.2250199200839288,0.0236673212399804
"[830.3254685319162, 73.56053326821018, 94]",-0.2250199200839288,0.0236673212399804
"[852.2457787486987, 208.61792847484082, 77]",-0.2250199200839288,0.0236673212399804
"[835.9823227814081, 179.62655044619237, 83]",-0.2250199200839288,0.0236673212399804
"[848.0031380615796, 215.68899628670624, 86]",-0.2250199200839288,0.0236673212399804
"[855.074205873445, 248.21590822128746, 95]",-0.2250199200839288,0.0236673212399804
"[87.86334828604095, 767.9393923933999, 28]",0.368367715824569,0.0298624789262304
"[99.88416356621201, 764.4038584874672, 32]",0.368367715824569,0.0298624789262304
"[118.97604665824929, 732.5840533340725, 32]",0.368367715824569,0.0298624789262304
"[112.6120856275702, 730.4627329905129, 27]",0.368367715824569,0.0298624789262304
"[87.15624150485428, 772.8891398617056, 39]",0.368367715824569,0.0298624789262304
"[81.49938725536231, 813.9013331705255, 35]",0.368367715824569,0.0298624789262304
"[110.49076528401065, 759.4541110191612, 34]",0.368367715824569,0.0298624789262304
"[82.91360081773519, 819.5581874200179, 40]",0.368367715824569,0.0298624789262304
"[268.8826842697972, 898.0470401317248, 93]",-0.059036597493589,-0.0602467914023164
"[283.7319266747145, 942.594767346477, 104]",-0.059036597493589,-0.0602467914023164
"[267.4684707074239, 889.5617587574861, 90]",-0.059036597493589,-0.0602467914023164
"[267.4684707074239, 892.3901858822323, 93]",-0.059036597493589,-0.0602467914023164
"[264.6400435826781, 886.7333316327399, 90]",-0.059036597493589,-0.0602467914023164
"[287.97456736183403, 747.4332957389902, 108]",-0.059036597493589,-0.0602467914023164
"[272.41821817572963, 788.4454890478098, 98]",-0.059036597493589,-0.0602467914023164
"[267.4684707074239, 718.4419177103416, 100]",-0.059036597493589,-0.0602467914023164
"[271.7111113945434, 948.9587283771561, 103]",-0.059036597493589,-0.0602467914023164
"[401.11165235168164, 540.9581156325182, 18]",-0.3419436612451422,-0.0149389125040101
"[406.76850660117407, 536.7154749453989, 21]",-0.3419436612451422,-0.0149389125040101
"[396.8690116645621, 533.8870478206527, 21]",-0.3419436612451422,-0.0149389125040101
"[399.6974387893083, 572.0708140047263, 16]",-0.3419436612451422,-0.0149389125040101
"[843.0533905932739, 451.15555442182665, 7]",-0.2900451897280933,-0.0045535218878796
"[838.8107499061543, 222.05295731738522, 31]",-0.2900451897280933,-0.0045535218878796
"[870.6305550595494, 398.1225458328356, 64]",-0.2900451897280933,-0.0045535218878796
"[823.9615075012371, 268.0148980945107, -5]",-0.2900451897280933,-0.0045535218878796
"[848.0031380615796, 498.53170876132526, 1]",-0.2900451897280933,-0.0045535218878796
"[848.7102448427663, 263.06515062620497, 24]",-0.2900451897280933,-0.0045535218878796
"[867.8021279348031, 382.56619664673144, 56]",-0.2900451897280933,-0.0045535218878796
"[823.2544007200504, 189.526045382804, 17]",-0.2900451897280933,-0.0045535218878796
"[851.5386719675125, 284.27835406180134, 41]",-0.2900451897280933,-0.0045535218878796
"[874.8731957466684, 449.034234078267, 46]",-0.2900451897280933,-0.0045535218878796
"[857.195526217005, 357.8174593052024, 60]",-0.2900451897280933,-0.0045535218878796
"[864.2665940288703, 390.3443712397835, 73]",-0.2900451897280933,-0.0045535218878796
"[889.0153313703995, 463.17636970199794, 66]",-0.2900451897280933,-0.0045535218878796
"[849.4173516239525, 324.58344058943453, 68]",-0.2900451897280933,-0.0045535218878796
"[829.6183617507295, 449.034234078267, 5]",-0.2900451897280933,-0.0045535218878796
"[853.6599923110721, 463.1763697019978, 18]",-0.2900451897280933,-0.0045535218878796
"[846.5889244992068, 388.22305089622387, -7]",-0.2900451897280933,-0.0045535218878796
"[821.8401871576775, 277.2072862499359, 3]",-0.2900451897280933,-0.0045535218878796
"[857.9026329981912, 296.29916934197274, 19]",-0.2900451897280933,-0.0045535218878796
"[867.8021279348031, 417.9215357060589, 71]",-0.2900451897280933,-0.0045535218878796
"[837.3965363437815, 237.60930650348928, 15]",-0.2900451897280933,-0.0045535218878796
"[864.9737008100569, 393.8799051457163, 45]",-0.2900451897280933,-0.0045535218878796
"[826.7899346259833, 297.71338290434574, -9]",-0.2900451897280933,-0.0045535218878796
"[851.5386719675125, 333.7758287448597, 56]",-0.2900451897280933,-0.0045535218878796
"[869.216341497176, 408.02204076944713, 62]",-0.2900451897280933,-0.0045535218878796
"[846.5889244992068, 273.67175234400315, 36]",-0.2900451897280933,-0.0045535218878796
"[853.6599923110721, 290.6423150924803, 37]",-0.2900451897280933,-0.0045535218878796
"[850.1244584051392, 480.85403923166166, 14]",-0.2900451897280933,-0.0045535218878796
"[824.6686142824237, 295.5920625607862, 4]",-0.2900451897280933,-0.0045535218878796
"[876.2874093090413, 470.24743751386336, 50]",-0.2900451897280933,-0.0045535218878796
"[849.4173516239525, 280.7428201558687, 43]",-0.2900451897280933,-0.0045535218878796
"[854.3670990922583, 487.9251070435271, 30]",-0.2900451897280933,-0.0045535218878796
"[840.9320702497143, 468.83322395149025, 6]",-0.2900451897280933,-0.0045535218878796
"[840.2249634685277, 315.39105243400945, 58]",-0.2900451897280933,-0.0045535218878796
"[847.296031280393, 340.84689655672526, 76]",-0.2900451897280933,-0.0045535218878796
"[845.8818177180201, 387.5159441150373, -6]",-0.2900451897280933,-0.0045535218878796
"[830.3254685319162, 189.526045382804, 22]",-0.2900451897280933,-0.0045535218878796
"[869.216341497176, 395.2941187080894, 44]",-0.2900451897280933,-0.0045535218878796
"[866.3879143724298, 443.37737982877456, 39]",-0.2900451897280933,-0.0045535218878796
"[855.074205873445, 321.75501346468843, 49]",-0.2900451897280933,-0.0045535218878796
"[824.6686142824237, 209.32503525602738, 11]",-0.2900451897280933,-0.0045535218878796
"[814.0620125646255, 174.6768029778865, 11]",-0.2900451897280933,-0.0045535218878796
"[842.3462838120872, 389.637264458597, -3]",-0.2900451897280933,-0.0045535218878796
"[869.216341497176, 409.43625433182024, 29]",-0.2900451897280933,-0.0045535218878796
"[858.6097397793778, 393.1727983645296, 58]",-0.2900451897280933,-0.0045535218878796
"[845.1747109368334, 321.7550134646883, 58]",-0.2900451897280933,-0.0045535218878796
"[867.0950211536165, 420.04285604961854, 42]",-0.2900451897280933,-0.0045535218878796
"[852.2457787486987, 318.9265863399422, 72]",-0.2900451897280933,-0.0045535218878796
"[871.3376618407356, 391.75858480215663, 62]",-0.2900451897280933,-0.0045535218878796
"[874.1660889654818, 415.8002153624992, 70]",-0.2900451897280933,-0.0045535218878796
"[845.1747109368334, 311.8555185280768, 55]",-0.2900451897280933,-0.0045535218878796
"[852.2457787486987, 494.28906807420594, 12]",-0.2900451897280933,-0.0045535218878796
"[864.9737008100569, 371.2524881477467, 23]",-0.2900451897280933,-0.0045535218878796
"[833.1538956566619, 304.0773439350246, -7]",-0.2900451897280933,-0.0045535218878796
"[854.3670990922583, 281.4499269370551, 29]",-0.2900451897280933,-0.0045535218878796
"[848.0031380615796, 333.06872196367317, 67]",-0.2900451897280933,-0.0045535218878796
"[865.6808075912431, 455.39819510894586, 55]",-0.2900451897280933,-0.0045535218878796
"[854.3670990922583, 350.7463914933369, 73]",-0.2900451897280933,-0.0045535218878796
"[857.9026329981912, 333.06872196367317, 21]",-0.2900451897280933,-0.0045535218878796
"[849.4173516239525, 325.99765415180764, 57]",-0.2900451897280933,-0.0045535218878796
"[878.4087296526013, 441.2560594852149, 64]",-0.2900451897280933,-0.0045535218878796
"[857.195526217005, 318.21947955875567, 38]",-0.2900451897280933,-0.0045535218878796
"[862.1452736853107, 325.99765415180775, 39]",-0.2900451897280933,-0.0045535218878796
"[835.2752160002219, 259.5296167202722, 35]",-0.2900451897280933,-0.0045535218878796
"[826.7899346259833, 177.5052301026327, 19]",-0.2900451897280933,-0.0045535218878796
"[829.6183617507295, 205.7895013500946, 32]",-0.2900451897280933,-0.0045535218878796
"[874.8731957466684, 447.6200205158939, 38]",-0.2900451897280933,-0.0045535218878796
"[831.739682094289, 312.56262530926324, -9]",-0.2900451897280933,-0.0045535218878796
"[833.8610024378486, 161.94888091652865, 24]",-0.2900451897280933,-0.0045535218878796
"[841.6391770309006, 388.9301576774104, -2]",-0.2900451897280933,-0.0045535218878796
"[858.6097397793778, 318.21947955875567, 46]",-0.2900451897280933,-0.0045535218878796
"[824.6686142824237, 247.5088014401009, 7]",-0.2900451897280933,-0.0045535218878796
"[845.8818177180201, 340.84689655672526, 74]",-0.2900451897280933,-0.0045535218878796
"[865.6808075912431, 333.7758287448597, 39]",-0.2900451897280933,-0.0045535218878796
"[850.1244584051392, 277.2072862499359, 34]",-0.2900451897280933,-0.0045535218878796
"[867.0950211536165, 350.7463914933369, 54]",-0.2900451897280933,-0.0045535218878796
"[860.0239533417507, 333.7758287448596, 20]",-0.2900451897280933,-0.0045535218878796
"[845.8818177180201, 470.9545442950499, 5]",-0.2900451897280933,-0.0045535218878796
"[819.718866814118, 171.84837585314028, 25]",-0.2900451897280933,-0.0045535218878796
"[829.6183617507295, 323.16922702706154, -2]",-0.2900451897280933,-0.0045535218878796
"[828.9112549695428, 306.9057710597708, 1]",-0.2900451897280933,-0.0045535218878796
"[827.4970414071695, 192.3544725075502, 28]",-0.2900451897280933,-0.0045535218878796
"[869.9234482783627, 356.4032457428292, 22]",-0.2900451897280933,-0.0045535218878796
"[859.3168465605645, 504.1885630108177, 11]",-0.2900451897280933,-0.0045535218878796
"[848.0031380615796, 309.0270914033306, 46]",-0.2900451897280933,-0.0045535218878796
"[850.8315651863259, 290.6423150924803, 17]",-0.2900451897280933,-0.0045535218878796
"[838.1036431249681, 466.00479682674415, 0]",-0.2900451897280933,-0.0045535218878796
"[832.4467888754757, 306.1986642785844, 9]",-0.2900451897280933,-0.0045535218878796
"[872.7518754031089, 463.8834764831844, 61]",-0.2900451897280933,-0.0045535218878796
"[869.9234482783627, 362.0600999923216, 39]",-0.2900451897280933,-0.0045535218878796
"[850.1244584051392, 330.9474016201135, 59]",-0.2900451897280933,-0.0045535218878796
"[865.6808075912431, 424.28549673673774, 32]",-0.2900451897280933,-0.0045535218878796
"[844.4676041556468, 305.4915574973978, 60]",-0.2900451897280933,-0.0045535218878796
"[821.8401871576775, 186.6976182580578, 21]",-0.2900451897280933,-0.0045535218878796
"[854.3670990922587, 304.0773439350247, 37]",-0.2900451897280933,-0.0045535218878796
"[833.1538956566619, 205.08239456890806, 12]",-0.2900451897280933,-0.0045535218878796
"[852.9528855298854, 345.08953724384446, 74]",-0.2900451897280933,-0.0045535218878796
"[842.3462838120872, 362.7672067735082, -6]",-0.2900451897280933,-0.0045535218878796
"[833.1538956566619, 206.49660813128116, 14]",-0.2900451897280933,-0.0045535218878796
"[841.6391770309006, 390.3443712397835, -10]",-0.2900451897280933,-0.0045535218878796
"[826.0828278447966, 205.08239456890806, 9]",-0.2900451897280933,-0.0045535218878796
"[854.3670990922583, 459.6408357960652, -3]",-0.2900451897280933,-0.0045535218878796
"[849.4173516239525, 361.3529932111351, 2]",-0.2900451897280933,-0.0045535218878796
"[869.216341497176, 468.83322395149025, 47]",-0.2900451897280933,-0.0045535218878796
"[824.6686142824237, 278.621499812309, 6]",-0.2900451897280933,-0.0045535218878796
"[821.8401871576775, 274.3788591251897, 3]",-0.2900451897280933,-0.0045535218878796
"[836.6894295625948, 211.44635559958692, 11]",-0.2900451897280933,-0.0045535218878796
"[858.6097397793778, 364.8885271170677, 29]",-0.2900451897280933,-0.0045535218878796
"[377.07002179133906, 651.2667734976194, 22]",0.0166497023195785,-0.0483602353405225
"[401.81875913286785, 636.4175310927021, 60]",0.0166497023195785,-0.0483602353405225
"[379.1913421348986, 612.3759005323595, 25]",0.0166497023195785,-0.0483602353405225
"[384.84819638439103, 695.8145007123721, 42]",0.0166497023195785,-0.0483602353405225
"[388.3837302903239, 610.2545801887998, 32]",0.0166497023195785,-0.0483602353405225
"[382.7268760408315, 703.5926753054241, 39]",0.0166497023195785,-0.0483602353405225
"[409.5969337259203, 648.4383463728734, 57]",0.0166497023195785,-0.0483602353405225
"[398.9903320081221, 618.0327547818517, 54]",0.0166497023195785,-0.0483602353405225
"[388.3837302903239, 716.3205973667818, 48]",0.0166497023195785,-0.0483602353405225
"[385.5553031655777, 574.8992411294723, 36]",0.0166497023195785,-0.0483602353405225
"[385.55530316557724, 644.1957056857541, 34]",0.0166497023195785,-0.0483602353405225
"[382.7268760408315, 692.2789668064393, 39]",0.0166497023195785,-0.0483602353405225
"[401.11165235168164, 642.781492123381, 54]",0.0166497023195785,-0.0483602353405225
"[394.74769132100255, 620.861181906598, 42]",0.0166497023195785,-0.0483602353405225
"[394.74769132100255, 680.258151526268, 51]",0.0166497023195785,-0.0483602353405225
"[379.1913421348986, 718.4419177103416, 35]",0.0166497023195785,-0.0483602353405225
"[411.01114728829316, 647.0241328105003, 64]",0.0166497023195785,-0.0483602353405225
"[386.2624099467639, 595.4053377838823, 33]",0.0166497023195785,-0.0483602353405225
"[401.8187591328683, 622.275395468971, 57]",0.0166497023195785,-0.0483602353405225
"[400.404545570495, 712.7850634608492, 47]",0.0166497023195785,-0.0483602353405225
"[389.0908370715101, 639.2459582174483, 48]",0.0166497023195785,-0.0483602353405225
"[380.6055556972715, 698.6429278371183, 38]",0.0166497023195785,-0.0483602353405225
"[396.1619048833759, 613.7901140947324, 54]",0.0166497023195785,-0.0483602353405225
"[388.3837302903239, 688.0363261193199, 40]",0.0166497023195785,-0.0483602353405225
"[391.91926419625634, 702.8855685242374, 48]",0.0166497023195785,-0.0483602353405225
"[416.6680015377856, 635.7104243115155, 61]",0.0166497023195785,-0.0483602353405225
"[405.35429303880073, 648.4383463728734, 58]",0.0166497023195785,-0.0483602353405225
"[390.50505063388346, 705.7139956489837, 43]",0.0166497023195785,-0.0483602353405225
"[392.626370977443, 600.3550852521882, 50]",0.0166497023195785,-0.0483602353405225
"[394.0405845398159, 603.1835123769345, 41]",0.0166497023195785,-0.0483602353405225
"[346.6644302003174, 635.003317530329, 14]",-0.054726260801348,-0.0463624755857063
"[360.80656582404845, 637.8317446550752, 18]",-0.054726260801348,-0.0463624755857063
"[253.32633508369327, 779.2531008923847, 20]",0.0688824604345858,0.0015617636605655
"[250.49790795894705, 760.8683245815346, 16]",0.0688824604345858,0.0015617636605655
"[209.4857146501272, 939.0592334405444, 19]",0.140928823711445,-0.085980649719805
"[229.9918113045369, 897.3399333505381, 35]",0.140928823711445,-0.085980649719805
"[215.84967568080629, 924.2099910356269, 15]",0.140928823711445,-0.085980649719805
"[234.23445199165644, 901.5825740376572, 25]",0.140928823711445,-0.085980649719805
"[219.3852095867387, 944.7160876900366, 21]",0.140928823711445,-0.085980649719805
"[226.45627739860447, 893.8043994446052, 15]",0.140928823711445,-0.085980649719805
"[236.355772335216, 865.5201281971435, 22]",0.140928823711445,-0.085980649719805
"[232.8202384292831, 921.3815639108807, 27]",0.140928823711445,-0.085980649719805
"[225.7491706174178, 861.9845942912107, 15]",0.140928823711445,-0.085980649719805
"[225.04206383623114, 934.8165927534251, 32]",0.140928823711445,-0.085980649719805
"[225.7491706174178, 941.1805537841042, 22]",0.140928823711445,-0.085980649719805
"[213.72835533724628, 927.7455249415598, 17]",0.140928823711445,-0.085980649719805
"[219.3852095867387, 879.6622638208746, 13]",0.140928823711445,-0.085980649719805
"[322.6227996399748, 844.3069247615472, 35]",0.3178834411765771,0.0183174025563658
"[341.7146827320116, 765.8180720498403, 26]",0.3178834411765771,0.0183174025563658
"[347.37153698150405, 758.7470042379746, 28]",0.3178834411765771,0.0183174025563658
"[348.78575054387693, 778.5459941111981, 30]",0.3178834411765771,0.0183174025563658
"[328.2796538894672, 818.8510806388313, 35]",0.3178834411765771,0.0183174025563658
"[323.32990642116147, 846.4282451051067, 38]",0.3178834411765771,0.0183174025563658
"[334.6436149201463, 835.1145366061219, 41]",0.3178834411765771,0.0183174025563658
"[338.8862556072654, 755.9185771132286, 26]",0.3178834411765771,0.0183174025563658
"[345.9573234191307, 781.3744212359443, 35]",0.3178834411765771,0.0183174025563658
"[210.89992821250007, 988.5567081236027, 80]",-0.0382543915082109,0.0149200648348057
"[201.00043327588855, 944.7160876900368, 76]",-0.0382543915082109,0.0149200648348057
"[205.2430739630081, 1015.4267658086915, 82]",-0.0382543915082109,0.0149200648348057
"[210.89992821250053, 1001.2846301849606, 85]",-0.0382543915082109,0.0149200648348057
"[215.14256889961962, 960.272436876141, 80]",-0.0382543915082109,0.0149200648348057
"[212.3141417748734, 968.7577182503794, 80]",-0.0382543915082109,0.0149200648348057
"[517.0771644662755, 707.8353159925432, 107]",-0.0174008436954859,-0.0501347200710109
"[495.1568542494924, 992.799348810722, 92]",-0.0174008436954859,-0.0501347200710109
"[517.7842712474621, 700.0571413994915, 100]",-0.0174008436954859,-0.0501347200710109
"[520.6126983722079, 776.4246737676385, 101]",-0.0174008436954859,-0.0501347200710109
"[512.8345237791564, 755.9185771132286, 101]",-0.0174008436954859,-0.0501347200710109
"[484.55025253169424, 968.050611469193, 92]",-0.0174008436954859,-0.0501347200710109
"[519.9055915910217, 743.1906550518706, 104]",-0.0174008436954859,-0.0501347200710109
"[528.3908729652603, 707.8353159925434, 104]",-0.0174008436954859,-0.0501347200710109
"[513.5416305603426, 763.6967517062806, 100]",-0.0174008436954859,-0.0501347200710109
"[489.5, 909.3607486307094, 88]",-0.0174008436954859,-0.0501347200710109
"[525.5624458405136, 815.3155467328986, 108]",-0.0174008436954859,-0.0501347200710109
"[514.2487373415292, 770.0607127369594, 99]",-0.0174008436954859,-0.0501347200710109
"[500.1066017177982, 987.8496013424162, 98]",-0.0174008436954859,-0.0501347200710109
"[531.2193000900061, 881.7835841644342, 108]",-0.0174008436954859,-0.0501347200710109
"[503.64213562373106, 760.8683245815346, 93]",-0.0174008436954859,-0.0501347200710109
"[246.96237405301417, 929.8668452851193, 90]",-0.2435874722239701,0.0744022001722224
"[240.59841302233508, 939.0592334405444, 90]",-0.2435874722239701,0.0744022001722224
"[240.59841302233508, 947.544514814783, 91]",-0.2435874722239701,0.0744022001722224
"[616.072113832392, 615.9114344382922, 37]",-0.1116437859546975,-0.0105607834720664
"[601.9299782086609, 666.8231226837236, 25]",-0.1116437859546975,-0.0105607834720664
"[618.9005409571382, 638.5388514362617, 42]",-0.1116437859546975,-0.0105607834720664
"[637.992424049175, 626.5180361560904, 58]",-0.1116437859546975,-0.0105607834720664
"[630.2142494561231, 613.083007313546, 55]",-0.1116437859546975,-0.0105607834720664
"[613.9507934888325, 612.3759005323595, 38]",-0.1116437859546975,-0.0105607834720664
"[615.3650070512053, 615.2043276571058, 41]",-0.1116437859546975,-0.0105607834720664
"[594.151803615609, 671.7728701520296, 26]",-0.1116437859546975,-0.0105607834720664
"[644.3563850798537, 641.3672785610079, 67]",-0.1116437859546975,-0.0105607834720664
"[633.7497833620555, 646.3170260293136, 64]",-0.1116437859546975,-0.0105607834720664
"[620.3147545195111, 719.149024491528, 42]",-0.1116437859546975,-0.0105607834720664
"[632.3355697996826, 629.3464632808366, 52]",-0.1116437859546975,-0.0105607834720664
"[623.850288425444, 622.275395468971, 50]",-0.1116437859546975,-0.0105607834720664
"[626.6787155501902, 609.5474734076133, 50]",-0.1116437859546975,-0.0105607834720664
"[633.7497833620555, 633.5891039679559, 59]",-0.1116437859546975,-0.0105607834720664
"[614.6579002700191, 689.4505396816933, 41]",-0.1116437859546975,-0.0105607834720664
"[617.4863273947649, 584.7987360660841, 50]",-0.1116437859546975,-0.0105607834720664
"[636.5782104868017, 654.8023074035523, 59]",-0.1116437859546975,-0.0105607834720664
"[598.3944443027285, 692.9860735876259, 29]",-0.1116437859546975,-0.0105607834720664
"[630.2142494561231, 695.1073939311855, 52]",-0.1116437859546975,-0.0105607834720664
"[587.7878425849303, 598.9408716898151, 21]",-0.1116437859546975,-0.0105607834720664
"[607.5868324581534, 699.3500346183048, 25]",-0.1116437859546975,-0.0105607834720664
"[618.1934341759516, 629.3464632808366, 46]",-0.1116437859546975,-0.0105607834720664
"[600.5157646462881, 669.6515498084698, 26]",-0.1116437859546975,-0.0105607834720664
"[630.2142494561231, 593.2840174403227, 56]",-0.1116437859546975,-0.0105607834720664
"[614.6579002700191, 630.0535700620233, 36]",-0.1116437859546975,-0.0105607834720664
"[626.6787155501902, 649.1454531540599, 49]",-0.1116437859546975,-0.0105607834720664
"[596.9802307403552, 712.7850634608492, 30]",-0.1116437859546975,-0.0105607834720664
"[618.9005409571382, 683.7936854322008, 42]",-0.1116437859546975,-0.0105607834720664
"[447.07359312880726, 810.3657992645926, 11]",-0.1589793320902311,-0.0039692103333339
"[464.75126265847075, 801.1734111091678, 14]",-0.1589793320902311,-0.0039692103333339
"[423.0319625684642, 970.1719318127525, 10]",0.0441294605770747,0.0529396518772017
"[435.7598846298224, 940.4734470029175, 10]",0.0441294605770747,0.0529396518772017
"[441.41673887931483, 899.4612536940976, 9]",0.0441294605770747,0.0529396518772017
"[435.7598846298224, 950.3729419395293, 12]",0.0441294605770747,0.0529396518772017
"[455.5588745030459, 953.2013690642752, 28]",0.0441294605770747,0.0529396518772017
"[444.95227278524726, 990.6780284671624, 21]",0.0441294605770747,0.0529396518772017
"[430.81013716151665, 970.8790385939392, 11]",0.0441294605770747,0.0529396518772017
"[440.0025253169415, 939.0592334405444, 14]",0.0441294605770747,0.0529396518772017
"[430.10303038033, 950.3729419395293, 12]",0.0441294605770747,0.0529396518772017
"[468.28679656440363, 934.8165927534251, 27]",0.0441294605770747,0.0529396518772017
"[454.85176772185923, 948.2516215959695, 20]",0.0441294605770747,0.0529396518772017
"[444.95227278524726, 958.1511165325812, 19]",0.0441294605770747,0.0529396518772017
"[462.6299423149112, 923.5028842544405, 22]",0.0441294605770747,0.0529396518772017
"[582.1309883354379, 774.303353424079, 29]",0.1710937309340542,-0.0036466930966222
"[567.2817459305202, 803.2947314527273, 29]",0.1710937309340542,-0.0036466930966222
"[564.453318805774, 820.2652942012046, 34]",0.1710937309340542,-0.0036466930966222
"[569.4030662740797, 837.9429637308681, 37]",0.1710937309340542,-0.0036466930966222
"[560.2106781186549, 808.9515857022197, 29]",0.1710937309340542,-0.0036466930966222
"[570.1101730552664, 814.6084399517122, 38]",0.1710937309340542,-0.0036466930966222
"[575.7670273047588, 789.1525958289963, 26]",0.1710937309340542,-0.0036466930966222
"[580.7167747730646, 804.001838233914, 34]",0.1710937309340542,-0.0036466930966222
"[580.7167747730646, 761.575431362721, 31]",0.1710937309340542,-0.0036466930966222
"[848.7102448427663, 613.7901140947324, 57]",-0.1459702858336148,-0.0749770991553278
"[832.4467888754757, 617.3256480006653, 28]",-0.1459702858336148,-0.0749770991553278
"[850.8315651863259, 584.7987360660841, 57]",-0.1459702858336148,-0.0749770991553278
"[862.8523804664969, 618.0327547818517, 66]",-0.1459702858336148,-0.0749770991553278
"[845.1747109368334, 546.6149698820104, 48]",-0.1459702858336148,-0.0749770991553278
"[829.6183617507295, 689.450539681693, 31]",-0.1459702858336148,-0.0749770991553278
"[853.6599923110721, 594.6982310026956, 63]",-0.1459702858336148,-0.0749770991553278
"[844.4676041556468, 555.8073580374357, 59]",-0.1459702858336148,-0.0749770991553278
"[846.5889244992068, 682.3794718698277, 45]",-0.1459702858336148,-0.0749770991553278
"[835.2752160002219, 641.3672785610079, 33]",-0.1459702858336148,-0.0749770991553278
"[852.9528855298854, 626.5180361560904, 59]",-0.1459702858336148,-0.0749770991553278
"[837.3965363437815, 626.5180361560904, 29]",-0.1459702858336148,-0.0749770991553278
"[831.0325753131024, 671.0657633708429, 26]",-0.1459702858336148,-0.0749770991553278
"[842.3462838120872, 566.4139597552339, 56]",-0.1459702858336148,-0.0749770991553278
"[844.4676041556468, 601.0621920333747, 51]",-0.1459702858336148,-0.0749770991553278
"[845.1747109368334, 594.6982310026958, 64]",-0.1459702858336148,-0.0749770991553278
"[838.8107499061543, 642.0743853421945, 37]",-0.1459702858336148,-0.0749770991553278
"[832.4467888754757, 661.1662684342314, 34]",-0.1459702858336148,-0.0749770991553278
"[850.1244584051392, 635.003317530329, 63]",-0.1459702858336148,-0.0749770991553278
"[838.1036431249677, 668.2373362460967, 39]",-0.1459702858336148,-0.0749770991553278
"[860.7310601229374, 603.1835123769342, 68]",-0.1459702858336148,-0.0749770991553278
"[843.0533905932739, 548.7362902255702, 58]",-0.1459702858336148,-0.0749770991553278
"[831.0325753131024, 598.9408716898151, 21]",-0.1459702858336148,-0.0749770991553278
"[848.0031380615796, 581.9703089413379, 47]",-0.1459702858336148,-0.0749770991553278
"[856.4884194358183, 576.3134546918454, 66]",-0.1459702858336148,-0.0749770991553278
"[850.1244584051392, 603.8906191581209, 65]",-0.1459702858336148,-0.0749770991553278
"[839.517856687341, 606.0119395016804, 24]",-0.1459702858336148,-0.0749770991553278
"[844.4676041556468, 595.4053377838823, 49]",-0.1459702858336148,-0.0749770991553278
"[833.8610024378486, 628.6393564996501, 31]",-0.1459702858336148,-0.0749770991553278
"[852.2457787486987, 574.8992411294723, 56]",-0.1459702858336148,-0.0749770991553278
"[457.68019484660545, 960.9795436573272, 80]",-0.0113790474722822,0.0608934009167804
"[464.04415587728454, 1002.6988437473337, 82]",-0.0113790474722822,0.0608934009167804
"[448.48780669118014, 978.6572131869912, 77]",-0.0113790474722822,0.0608934009167804
"[468.9939033455903, 972.2932521563121, 84]",-0.0113790474722822,0.0608934009167804
"[469.70101012677696, 944.7160876900368, 83]",-0.0113790474722822,0.0608934009167804
"[452.023340597113, 938.352126659358, 76]",-0.0113790474722822,0.0608934009167804
"[761.0290039756342, 857.0348468229049, 91]",0.0222960589379918,0.0045687005420703
"[765.9787514439399, 830.8718959190026, 99]",0.0222960589379918,0.0045687005420703
"[749.0081886954631, 931.2810588474924, 100]",0.0222960589379918,0.0045687005420703
"[749.7152954766493, 818.8510806388313, 89]",0.0222960589379918,0.0045687005420703
"[761.0290039756342, 650.5596667164332, 103]",0.0222960589379918,0.0045687005420703
"[749.0081886954631, 884.6120112891804, 82]",0.0222960589379918,0.0045687005420703
"[745.4726547895302, 777.8388873300116, 85]",0.0222960589379918,0.0045687005420703
"[768.8071785686861, 887.4404384139266, 106]",0.0222960589379918,0.0045687005420703
"[766.6858582251266, 922.0886706920674, 101]",0.0222960589379918,0.0045687005420703
"[741.9371208835973, 932.6952724098655, 96]",0.0222960589379918,0.0045687005420703
"[761.0290039756342, 733.9982668964458, 101]",0.0222960589379918,0.0045687005420703
"[753.2508293825822, 813.9013331705255, 95]",0.0222960589379918,0.0045687005420703
"[746.1797615707169, 951.0800487207157, 94]",0.0222960589379918,0.0045687005420703
"[736.9873734152916, 958.8582233137677, 90]",0.0222960589379918,0.0045687005420703
"[748.3010819142764, 883.9049045079937, 87]",0.0222960589379918,0.0045687005420703
"[752.5437226013955, 875.4196231337551, 85]",0.0222960589379918,0.0045687005420703
"[734.866053071732, 929.8668452851193, 84]",0.0222960589379918,0.0045687005420703
"[754.6650429449555, 789.8597026101829, 86]",0.0222960589379918,0.0045687005420703
"[753.9579361637689, 865.5201281971435, 83]",0.0222960589379918,0.0045687005420703
"[731.3305191657992, 931.9881656286789, 87]",0.0222960589379918,0.0045687005420703
"[750.422402257836, 959.5653300949543, 99]",0.0222960589379918,0.0045687005420703
"[753.9579361637689, 691.5718600252528, 88]",0.0222960589379918,0.0045687005420703
"[761.0290039756342, 827.3363620130699, 93]",0.0222960589379918,0.0045687005420703
"[753.2508293825822, 880.3693706020608, 87]",0.0222960589379918,0.0045687005420703
"[741.2300141024111, 776.4246737676385, 84]",0.0222960589379918,0.0045687005420703
"[748.3010819142764, 947.544514814783, 98]",0.0222960589379918,0.0045687005420703
"[679.7117241391811, 890.2688655386728, 24]",-0.011531869292538,-0.0087599322411689
"[656.3772003600252, 994.2135623730951, 21]",-0.011531869292538,-0.0087599322411689
"[674.7619766708754, 890.975972319859, 20]",-0.011531869292538,-0.0087599322411689
"[667.69090885901, 929.1597385039327, 23]",-0.011531869292538,-0.0087599322411689
"[669.1051224213829, 961.6866504385139, 22]",-0.011531869292538,-0.0087599322411689
"[668.3980156401967, 907.2394282871498, 22]",-0.011531869292538,-0.0087599322411689
"[664.8624817342638, 933.4023791910522, 13]",-0.011531869292538,-0.0087599322411689
"[662.7411613907043, 907.2394282871496, 17]",-0.011531869292538,-0.0087599322411689
"[662.7411613907043, 999.1633098414009, 19]",-0.011531869292538,-0.0087599322411689
"[680.4188309203678, 876.8338366961284, 20]",-0.011531869292538,-0.0087599322411689
"[650.7203461105328, 1001.2846301849606, 12]",-0.011531869292538,-0.0087599322411689
"[672.6406563273158, 900.1683604752843, 23]",-0.011531869292538,-0.0087599322411689
"[669.8122292025696, 866.22723497833, 10]",-0.011531869292538,-0.0087599322411689
"[668.3980156401967, 927.0384181603731, 19]",-0.011531869292538,-0.0087599322411689
"[808.4051583151331, 764.4038584874672, 29]",0.2204799540072708,0.0867040434984188
"[778.7066735052977, 812.4871196081524, 32]",0.2204799540072708,0.0867040434984188
"[793.5559159102154, 804.7089450151004, 39]",0.2204799540072708,0.0867040434984188
"[793.5559159102154, 791.9810229537425, 34]",0.2204799540072708,0.0867040434984188
"[794.9701294725887, 793.3952365161158, 39]",0.2204799540072708,0.0867040434984188
"[811.9406922210655, 735.4124804588187, 36]",0.2204799540072708,0.0867040434984188
"[858.6097397793778, 763.6967517062806, 15]",-0.1989894469168173,0.1322892190849907
"[844.4676041556468, 762.2825381439075, 8]",-0.1989894469168173,0.1322892190849907
"[871.3376618407356, 783.4957415795038, 18]",-0.1989894469168173,0.1322892190849907
"[843.0533905932739, 775.0104602052654, 13]",-0.1989894469168173,0.1322892190849907
"[861.438166904124, 759.4541110191612, 18]",-0.1989894469168173,0.1322892190849907
"[716.4812767608819, 935.5236995346118, 76]",0.009457133507301,0.0978525829135694
"[688.1970055134198, 1052.9034252115785, 84]",0.009457133507301,0.0978525829135694
"[674.0548698896891, 1072.702415084802, 84]",0.009457133507301,0.0978525829135694
"[686.0756851698602, 1049.3678913056458, 83]",0.009457133507301,0.0978525829135694
"[693.1467529817255, 1086.1374439273463, 94]",0.009457133507301,0.0978525829135694
"[700.9249275747779, 1004.8201640908933, 77]",0.009457133507301,0.0978525829135694
"[707.9959953866432, 946.8374080335966, 77]",0.009457133507301,0.0978525829135694
"[710.1173157302028, 1018.2551929334377, 80]",0.009457133507301,0.0978525829135694
"[695.9751801064722, 1118.6643558619276, 94]",0.009457133507301,0.0978525829135694
"[688.1970055134198, 1127.8567440173524, 93]",0.009457133507301,0.0978525829135694
"[706.5817818242699, 969.4648250315659, 70]",0.009457133507301,0.0978525829135694
"[709.4102089490161, 963.8079707820737, 73]",0.009457133507301,0.0978525829135694
"[696.6822868876584, 1018.9622997146244, 75]",0.009457133507301,0.0978525829135694
"[699.5107140124046, 989.2638149047893, 72]",0.009457133507301,0.0978525829135694
"[711.5315292925761, 987.1424945612298, 83]",0.009457133507301,0.0978525829135694
"[990.8387078612623, 928.4526317227462, 92]",-0.050630774908742,-0.1263558096120797
"[987.3031739553294, 899.4612536940976, 84]",-0.050630774908742,-0.1263558096120797
"[984.4747468305832, 934.8165927534251, 94]",-0.050630774908742,-0.1263558096120797
"[978.8178925810907, 694.400287149999, 97]",-0.050630774908742,-0.1263558096120797
"[990.8387078612623, 830.8718959190026, 92]",-0.050630774908742,-0.1263558096120797
"[985.1818536117698, 935.5236995346118, 93]",-0.050630774908742,-0.1263558096120797
"[995.788455329568, 735.4124804588187, 102]",-0.050630774908742,-0.1263558096120797
"[980.9392129246507, 908.653641849523, 85]",-0.050630774908742,-0.1263558096120797
"[962.5544366138001, 979.3643199681776, 81]",-0.050630774908742,-0.1263558096120797
"[988.7173875177027, 847.1353518862934, 82]",-0.050630774908742,-0.1263558096120797
"[975.2823586751583, 716.3205973667818, 91]",-0.050630774908742,-0.1263558096120797
"[978.1107857999041, 699.3500346183048, 88]",-0.050630774908742,-0.1263558096120797
"[971.7468247692254, 982.8998538741105, 84]",-0.050630774908742,-0.1263558096120797
"[991.5458146424489, 718.4419177103416, 102]",-0.050630774908742,-0.1263558096120797
"[950.5336213336291, 964.5150775632601, 69]",-0.050630774908742,-0.1263558096120797
"[959.7260094890544, 993.5064555919087, 75]",-0.050630774908742,-0.1263558096120797
"[1000.0310960166876, 807.5373721398466, 108]",-0.050630774908742,-0.1263558096120797
"[987.3031739553294, 777.8388873300116, 97]",-0.050630774908742,-0.1263558096120797
"[985.1818536117698, 775.7175669864519, 88]",-0.050630774908742,-0.1263558096120797
"[990.8387078612623, 788.4454890478098, 96]",-0.050630774908742,-0.1263558096120797
"[985.1818536117698, 778.5459941111981, 82]",-0.050630774908742,-0.1263558096120797
"[992.9600282048218, 797.6378772032349, 100]",-0.050630774908742,-0.1263558096120797
"[956.1904755831215, 971.5861453751256, 72]",-0.050630774908742,-0.1263558096120797
"[991.5458146424489, 859.8632739476511, 81]",-0.050630774908742,-0.1263558096120797
"[996.4955621107547, 818.1439738576448, 106]",-0.050630774908742,-0.1263558096120797
"[952.6549416771886, 969.4648250315661, 73]",-0.050630774908742,-0.1263558096120797
"[997.2026688919414, 793.3952365161156, 94]",-0.050630774908742,-0.1263558096120797
"[990.8387078612623, 762.9896449250941, 94]",-0.050630774908742,-0.1263558096120797
"[991.5458146424489, 956.0297961890215, 93]",-0.050630774908742,-0.1263558096120797
"[986.5960671741432, 941.1805537841042, 93]",-0.050630774908742,-0.1263558096120797
"[953.3620484583753, 1004.1130573097068, 80]",-0.050630774908742,-0.1263558096120797
"[990.1316010800756, 896.6328265693517, 98]",-0.050630774908742,-0.1263558096120797
"[992.2529214236351, 784.2028483606905, 100]",-0.050630774908742,-0.1263558096120797
"[996.4955621107547, 935.5236995346118, 98]",-0.050630774908742,-0.1263558096120797
"[879.115836433788, 900.1683604752843, 19]",-0.0594100324160727,-0.0277822751451718
"[877.7016228714147, 876.1267299149417, 19]",-0.0594100324160727,-0.0277822751451718
"[866.3879143724298, 897.3399333505381, 38]",-0.0594100324160727,-0.0277822751451718
"[882.6513703397204, 947.544514814783, 21]",-0.0594100324160727,-0.0277822751451718
"[861.438166904124, 924.9170978168136, 32]",-0.0594100324160727,-0.0277822751451718
"[860.7310601229374, 970.8790385939392, 33]",-0.0594100324160727,-0.0277822751451718
"[866.3879143724298, 945.4231944712233, 28]",-0.0594100324160727,-0.0277822751451718
"[865.6808075912431, 974.4145724998718, 35]",-0.0594100324160727,-0.0277822751451718
"[869.9234482783627, 876.8338366961282, 27]",-0.0594100324160727,-0.0277822751451718
"[871.3376618407356, 885.3191180703668, 20]",-0.0594100324160727,-0.0277822751451718
"[869.9234482783627, 881.0764773832475, 26]",-0.0594100324160727,-0.0277822751451718
"[869.216341497176, 866.22723497833, 31]",-0.0594100324160727,-0.0277822751451718
